date,symbol,open,high,low,close,volume
2020-01-02,AAPL,150.00,155.00,149.00,152.00,50000000
2020-01-02,MSFT,250.00,255.00,248.00,252.00,30000000
2020-01-02,FB,200.00,205.00,198.00,202.00,20000000
2020-01-02,DELIST_CORP,25.00,26.00,24.00,25.50,500000
2020-01-02,SPY,400.00,405.00,398.00,402.00,70000000
2020-01-03,AAPL,150.00,155.00,149.00,152.00,50000000
2020-01-03,MSFT,250.00,255.00,248.00,252.00,30000000
2020-01-03,FB,200.00,205.00,198.00,202.00,20000000
2020-01-03,DELIST_CORP,25.00,26.00,24.00,25.50,500000
2020-01-03,SPY,400.00,405.00,398.00,402.00,70000000
2020-01-06,AAPL,150.00,155.00,149.00,152.00,50000000
2020-01-06,MSFT,250.00,255.00,248.00,252.00,30000000
2020-01-06,FB,200.00,205.00,198.00,202.00,20000000
2020-01-06,DELIST_CORP,25.00,26.00,24.00,25.50,500000
2020-01-06,SPY,400.00,405.00,398.00,402.00,70000000
2020-01-07,AAPL,150.00,155.00,149.00,152.00,50000000
2020-01-07,MSFT,250.00,255.00,248.00,252.00,30000000
2020-01-07,FB,200.00,205.00,198.00,202.00,20000000
2020-01-07,DELIST_CORP,25.00,26.00,24.00,25.50,500000
2020-01-07,SPY,400.00,405.00,398.00,402.00,70000000
2020-01-08,AAPL,150.00,155.00,149.00,152.00,50000000
2020-01-08,MSFT,250.00,255.00,248.00,252.00,30000000
2020-01-08,FB,200.00,205.00,198.00,202.00,20000000
2020-01-08,DELIST_CORP,25.00,26.00,24.00,25.50,500000
2020-01-08,SPY,400.00,405.00,398.00,402.00,70000000
2020-01-09,AAPL,150.00,155.00,149.00,152.00,50000000
2020-01-09,MSFT,250.00,255.00,248.00,252.00,30000000
2020-01-09,FB,200.00,205.00,198.00,202.00,20000000
2020-01-09,DELIST_CORP,25.00,26.00,24.00,25.50,500000
2020-01-09,SPY,400.00,405.00,398.00,402.00,70000000
2020-01-10,AAPL,150.00,155.00,149.00,152.00,50000000
2020-01-10,MSFT,250.00,255.00,248.00,252.00,30000000
2020-01-10,FB,200.00,205.00,198.00,202.00,20000000
2020-01-10,DELIST_CORP,25.00,26.00,24.00,25.50,500000
2020-01-10,SPY,400.00,405.00,398.00,402.00,70000000
2020-01-13,AAPL,150.00,155.00,149.00,152.00,50000000
2020-01-13,MSFT,250.00,255.00,248.00,252.00,30000000
2020-01-13,FB,200.00,205.00,198.00,202.00,20000000
2020-01-13,DELIST_CORP,25.00,26.00,24.00,25.50,500000
2020-01-13,SPY,400.00,405.00,398.00,402.00,70000000
2020-01-14,AAPL,150.00,155.00,149.00,152.00,50000000
2020-01-14,MSFT,250.00,255.00,248.00,252.00,30000000
2020-01-14,FB,200.00,205.00,198.00,202.00,20000000
2020-01-14,DELIST_CORP,25.00,26.00,24.00,25.50,500000
2020-01-14,SPY,400.00,405.00,398.00,402.00,70000000
2020-01-15,AAPL,150.00,155.00,149.00,152.00,50000000
2020-01-15,MSFT,250.00,255.00,248.00,252.00,30000000
2020-01-15,FB,200.00,205.00,198.00,202.00,20000000
2020-01-15,DELIST_CORP,25.00,26.00,24.00,25.50,500000
2020-01-15,SPY,400.00,405.00,398.00,402.00,70000000
2020-01-16,AAPL,150.00,155.00,149.00,152.00,50000000
2020-01-16,MSFT,250.00,255.00,248.00,252.00,30000000
2020-01-16,FB,200.00,205.00,198.00,202.00,20000000
2020-01-16,DELIST_CORP,25.00,26.00,24.00,25.50,500000
2020-01-16,SPY,400.00,405.00,398.00,402.00,70000000
2020-01-17,AAPL,150.00,155.00,149.00,152.00,50000000
2020-01-17,MSFT,250.00,255.00,248.00,252.00,30000000
2020-01-17,FB,200.00,205.00,198.00,202.00,20000000
2020-01-17,DELIST_CORP,25.00,26.00,24.00,25.50,500000
2020-01-17,SPY,400.00,405.00,398.00,402.00,70000000
2020-01-20,AAPL,150.00,155.00,149.00,152.00,50000000
2020-01-20,MSFT,250.00,255.00,248.00,252.00,30000000
2020-01-20,FB,200.00,205.00,198.00,202.00,20000000
2020-01-20,DELIST_CORP,25.00,26.00,24.00,25.50,500000
2020-01-20,SPY,400.00,405.00,398.00,402.00,70000000
2020-01-21,AAPL,150.00,155.00,149.00,152.00,50000000
2020-01-21,MSFT,250.00,255.00,248.00,252.00,30000000
2020-01-21,FB,200.00,205.00,198.00,202.00,20000000
2020-01-21,DELIST_CORP,25.00,26.00,24.00,25.50,500000
2020-01-21,SPY,400.00,405.00,398.00,402.00,70000000
2020-01-22,AAPL,150.00,155.00,149.00,152.00,50000000
2020-01-22,MSFT,250.00,255.00,248.00,252.00,30000000
2020-01-22,FB,200.00,205.00,198.00,202.00,20000000
2020-01-22,DELIST_CORP,25.00,26.00,24.00,25.50,500000
2020-01-22,SPY,400.00,405.00,398.00,402.00,70000000
2020-01-23,AAPL,150.00,155.00,149.00,152.00,50000000
2020-01-23,MSFT,250.00,255.00,248.00,252.00,30000000
2020-01-23,FB,200.00,205.00,198.00,202.00,20000000
2020-01-23,DELIST_CORP,25.00,26.00,24.00,25.50,500000
2020-01-23,SPY,400.00,405.00,398.00,402.00,70000000
2020-01-24,AAPL,150.00,155.00,149.00,152.00,50000000
2020-01-24,MSFT,250.00,255.00,248.00,252.00,30000000
2020-01-24,FB,200.00,205.00,198.00,202.00,20000000
2020-01-24,DELIST_CORP,25.00,26.00,24.00,25.50,500000
2020-01-24,SPY,400.00,405.00,398.00,402.00,70000000
2020-01-27,AAPL,150.00,155.00,149.00,152.00,50000000
2020-01-27,MSFT,250.00,255.00,248.00,252.00,30000000
2020-01-27,FB,200.00,205.00,198.00,202.00,20000000
2020-01-27,DELIST_CORP,25.00,26.00,24.00,25.50,500000
2020-01-27,SPY,400.00,405.00,398.00,402.00,70000000
2020-01-28,AAPL,150.00,155.00,149.00,152.00,50000000
2020-01-28,MSFT,250.00,255.00,248.00,252.00,30000000
2020-01-28,FB,200.00,205.00,198.00,202.00,20000000
2020-01-28,DELIST_CORP,25.00,26.00,24.00,25.50,500000
2020-01-28,SPY,400.00,405.00,398.00,402.00,70000000
2020-01-29,AAPL,150.00,155.00,149.00,152.00,50000000
2020-01-29,MSFT,250.00,255.00,248.00,252.00,30000000
2020-01-29,FB,200.00,205.00,198.00,202.00,20000000
2020-01-29,DELIST_CORP,25.00,26.00,24.00,25.50,500000
2020-01-29,SPY,400.00,405.00,398.00,402.00,70000000
2020-01-30,AAPL,150.00,155.00,149.00,152.00,50000000
2020-01-30,MSFT,250.00,255.00,248.00,252.00,30000000
2020-01-30,FB,200.00,205.00,198.00,202.00,20000000
2020-01-30,DELIST_CORP,25.00,26.00,24.00,25.50,500000
2020-01-30,SPY,400.00,405.00,398.00,402.00,70000000
2020-01-31,AAPL,150.00,155.00,149.00,152.00,50000000
2020-01-31,MSFT,250.00,255.00,248.00,252.00,30000000
2020-01-31,FB,200.00,205.00,198.00,202.00,20000000
2020-01-31,DELIST_CORP,25.00,26.00,24.00,25.50,500000
2020-01-31,SPY,400.00,405.00,398.00,402.00,70000000
2020-02-03,AAPL,150.00,155.00,149.00,152.00,50000000
2020-02-03,MSFT,250.00,255.00,248.00,252.00,30000000
2020-02-03,FB,200.00,205.00,198.00,202.00,20000000
2020-02-03,DELIST_CORP,25.00,26.00,24.00,25.50,500000
2020-02-03,SPY,400.00,405.00,398.00,402.00,70000000
2020-02-04,AAPL,150.00,155.00,149.00,152.00,50000000
2020-02-04,MSFT,250.00,255.00,248.00,252.00,30000000
2020-02-04,FB,200.00,205.00,198.00,202.00,20000000
2020-02-04,DELIST_CORP,25.00,26.00,24.00,25.50,500000
2020-02-04,SPY,400.00,405.00,398.00,402.00,70000000
2020-02-05,AAPL,150.00,155.00,149.00,152.00,50000000
2020-02-05,MSFT,250.00,255.00,248.00,252.00,30000000
2020-02-05,FB,200.00,205.00,198.00,202.00,20000000
2020-02-05,DELIST_CORP,25.00,26.00,24.00,25.50,500000
2020-02-05,SPY,400.00,405.00,398.00,402.00,70000000
2020-02-06,AAPL,150.00,155.00,149.00,152.00,50000000
2020-02-06,MSFT,250.00,255.00,248.00,252.00,30000000
2020-02-06,FB,200.00,205.00,198.00,202.00,20000000
2020-02-06,DELIST_CORP,25.00,26.00,24.00,25.50,500000
2020-02-06,SPY,400.00,405.00,398.00,402.00,70000000
2020-02-07,AAPL,150.00,155.00,149.00,152.00,50000000
2020-02-07,MSFT,250.00,255.00,248.00,252.00,30000000
2020-02-07,FB,200.00,205.00,198.00,202.00,20000000
2020-02-07,DELIST_CORP,25.00,26.00,24.00,25.50,500000
2020-02-07,SPY,400.00,405.00,398.00,402.00,70000000
2020-02-10,AAPL,150.00,155.00,149.00,152.00,50000000
2020-02-10,MSFT,250.00,255.00,248.00,252.00,30000000
2020-02-10,FB,200.00,205.00,198.00,202.00,20000000
2020-02-10,DELIST_CORP,25.00,26.00,24.00,25.50,500000
2020-02-10,SPY,400.00,405.00,398.00,402.00,70000000
2020-02-11,AAPL,150.00,155.00,149.00,152.00,50000000
2020-02-11,MSFT,250.00,255.00,248.00,252.00,30000000
2020-02-11,FB,200.00,205.00,198.00,202.00,20000000
2020-02-11,DELIST_CORP,25.00,26.00,24.00,25.50,500000
2020-02-11,SPY,400.00,405.00,398.00,402.00,70000000
2020-02-12,AAPL,150.00,155.00,149.00,152.00,50000000
2020-02-12,MSFT,250.00,255.00,248.00,252.00,30000000
2020-02-12,FB,200.00,205.00,198.00,202.00,20000000
2020-02-12,DELIST_CORP,25.00,26.00,24.00,25.50,500000
2020-02-12,SPY,400.00,405.00,398.00,402.00,70000000
2020-02-13,AAPL,150.00,155.00,149.00,152.00,50000000
2020-02-13,MSFT,250.00,255.00,248.00,252.00,30000000
2020-02-13,FB,200.00,205.00,198.00,202.00,20000000
2020-02-13,DELIST_CORP,25.00,26.00,24.00,25.50,500000
2020-02-13,SPY,400.00,405.00,398.00,402.00,70000000
2020-02-14,AAPL,150.00,155.00,149.00,152.00,50000000
2020-02-14,MSFT,250.00,255.00,248.00,252.00,30000000
2020-02-14,FB,200.00,205.00,198.00,202.00,20000000
2020-02-14,DELIST_CORP,25.00,26.00,24.00,25.50,500000
2020-02-14,SPY,400.00,405.00,398.00,402.00,70000000
2020-02-17,AAPL,150.00,155.00,149.00,152.00,50000000
2020-02-17,MSFT,250.00,255.00,248.00,252.00,30000000
2020-02-17,FB,200.00,205.00,198.00,202.00,20000000
2020-02-17,DELIST_CORP,25.00,26.00,24.00,25.50,500000
2020-02-17,SPY,400.00,405.00,398.00,402.00,70000000
2020-02-18,AAPL,150.00,155.00,149.00,152.00,50000000
2020-02-18,MSFT,250.00,255.00,248.00,252.00,30000000
2020-02-18,FB,200.00,205.00,198.00,202.00,20000000
2020-02-18,DELIST_CORP,25.00,26.00,24.00,25.50,500000
2020-02-18,SPY,400.00,405.00,398.00,402.00,70000000
2020-02-19,AAPL,150.00,155.00,149.00,152.00,50000000
2020-02-19,MSFT,250.00,255.00,248.00,252.00,30000000
2020-02-19,FB,200.00,205.00,198.00,202.00,20000000
2020-02-19,DELIST_CORP,25.00,26.00,24.00,25.50,500000
2020-02-19,SPY,400.00,405.00,398.00,402.00,70000000
2020-02-20,AAPL,150.00,155.00,149.00,152.00,50000000
2020-02-20,MSFT,250.00,255.00,248.00,252.00,30000000
2020-02-20,FB,200.00,205.00,198.00,202.00,20000000
2020-02-20,DELIST_CORP,25.00,26.00,24.00,25.50,500000
2020-02-20,SPY,400.00,405.00,398.00,402.00,70000000
2020-02-21,AAPL,150.00,155.00,149.00,152.00,50000000
2020-02-21,MSFT,250.00,255.00,248.00,252.00,30000000
2020-02-21,FB,200.00,205.00,198.00,202.00,20000000
2020-02-21,DELIST_CORP,25.00,26.00,24.00,25.50,500000
2020-02-21,SPY,400.00,405.00,398.00,402.00,70000000
2020-02-24,AAPL,150.00,155.00,149.00,152.00,50000000
2020-02-24,MSFT,250.00,255.00,248.00,252.00,30000000
2020-02-24,FB,200.00,205.00,198.00,202.00,20000000
2020-02-24,DELIST_CORP,25.00,26.00,24.00,25.50,500000
2020-02-24,SPY,400.00,405.00,398.00,402.00,70000000
2020-02-25,AAPL,150.00,155.00,149.00,152.00,50000000
2020-02-25,MSFT,250.00,255.00,248.00,252.00,30000000
2020-02-25,FB,200.00,205.00,198.00,202.00,20000000
2020-02-25,DELIST_CORP,25.00,26.00,24.00,25.50,500000
2020-02-25,SPY,400.00,405.00,398.00,402.00,70000000
2020-02-26,AAPL,150.00,155.00,149.00,152.00,50000000
2020-02-26,MSFT,250.00,255.00,248.00,252.00,30000000
2020-02-26,FB,200.00,205.00,198.00,202.00,20000000
2020-02-26,DELIST_CORP,25.00,26.00,24.00,25.50,500000
2020-02-26,SPY,400.00,405.00,398.00,402.00,70000000
2020-02-27,AAPL,150.00,155.00,149.00,152.00,50000000
2020-02-27,MSFT,250.00,255.00,248.00,252.00,30000000
2020-02-27,FB,200.00,205.00,198.00,202.00,20000000
2020-02-27,DELIST_CORP,25.00,26.00,24.00,25.50,500000
2020-02-27,SPY,400.00,405.00,398.00,402.00,70000000
2020-02-28,AAPL,150.00,155.00,149.00,152.00,50000000
2020-02-28,MSFT,250.00,255.00,248.00,252.00,30000000
2020-02-28,FB,200.00,205.00,198.00,202.00,20000000
2020-02-28,DELIST_CORP,25.00,26.00,24.00,25.50,500000
2020-02-28,SPY,400.00,405.00,398.00,402.00,70000000
2020-03-02,AAPL,150.00,155.00,149.00,152.00,50000000
2020-03-02,MSFT,250.00,255.00,248.00,252.00,30000000
2020-03-02,FB,200.00,205.00,198.00,202.00,20000000
2020-03-02,DELIST_CORP,25.00,26.00,24.00,25.50,500000
2020-03-02,SPY,400.00,405.00,398.00,402.00,70000000
2020-03-03,AAPL,150.00,155.00,149.00,152.00,50000000
2020-03-03,MSFT,250.00,255.00,248.00,252.00,30000000
2020-03-03,FB,200.00,205.00,198.00,202.00,20000000
2020-03-03,DELIST_CORP,25.00,26.00,24.00,25.50,500000
2020-03-03,SPY,400.00,405.00,398.00,402.00,70000000
2020-03-04,AAPL,150.00,155.00,149.00,152.00,50000000
2020-03-04,MSFT,250.00,255.00,248.00,252.00,30000000
2020-03-04,FB,200.00,205.00,198.00,202.00,20000000
2020-03-04,DELIST_CORP,25.00,26.00,24.00,25.50,500000
2020-03-04,SPY,400.00,405.00,398.00,402.00,70000000
2020-03-05,AAPL,150.00,155.00,149.00,152.00,50000000
2020-03-05,MSFT,250.00,255.00,248.00,252.00,30000000
2020-03-05,FB,200.00,205.00,198.00,202.00,20000000
2020-03-05,DELIST_CORP,25.00,26.00,24.00,25.50,500000
2020-03-05,SPY,400.00,405.00,398.00,402.00,70000000
2020-03-06,AAPL,150.00,155.00,149.00,152.00,50000000
2020-03-06,MSFT,250.00,255.00,248.00,252.00,30000000
2020-03-06,FB,200.00,205.00,198.00,202.00,20000000
2020-03-06,DELIST_CORP,25.00,26.00,24.00,25.50,500000
2020-03-06,SPY,400.00,405.00,398.00,402.00,70000000
2020-03-09,AAPL,150.00,155.00,149.00,152.00,50000000
2020-03-09,MSFT,250.00,255.00,248.00,252.00,30000000
2020-03-09,FB,200.00,205.00,198.00,202.00,20000000
2020-03-09,DELIST_CORP,25.00,26.00,24.00,25.50,500000
2020-03-09,SPY,400.00,405.00,398.00,402.00,70000000
2020-03-10,AAPL,150.00,155.00,149.00,152.00,50000000
2020-03-10,MSFT,250.00,255.00,248.00,252.00,30000000
2020-03-10,FB,200.00,205.00,198.00,202.00,20000000
2020-03-10,DELIST_CORP,25.00,26.00,24.00,25.50,500000
2020-03-10,SPY,400.00,405.00,398.00,402.00,70000000
2020-03-11,AAPL,150.00,155.00,149.00,152.00,50000000
2020-03-11,MSFT,250.00,255.00,248.00,252.00,30000000
2020-03-11,FB,200.00,205.00,198.00,202.00,20000000
2020-03-11,DELIST_CORP,25.00,26.00,24.00,25.50,500000
2020-03-11,SPY,400.00,405.00,398.00,402.00,70000000
2020-03-12,AAPL,150.00,155.00,149.00,152.00,50000000
2020-03-12,MSFT,250.00,255.00,248.00,252.00,30000000
2020-03-12,FB,200.00,205.00,198.00,202.00,20000000
2020-03-12,DELIST_CORP,25.00,26.00,24.00,25.50,500000
2020-03-12,SPY,400.00,405.00,398.00,402.00,70000000
2020-03-13,AAPL,150.00,155.00,149.00,152.00,50000000
2020-03-13,MSFT,250.00,255.00,248.00,252.00,30000000
2020-03-13,FB,200.00,205.00,198.00,202.00,20000000
2020-03-13,DELIST_CORP,25.00,26.00,24.00,25.50,500000
2020-03-13,SPY,400.00,405.00,398.00,402.00,70000000
2020-03-16,AAPL,150.00,155.00,149.00,152.00,50000000
2020-03-16,MSFT,250.00,255.00,248.00,252.00,30000000
2020-03-16,FB,200.00,205.00,198.00,202.00,20000000
2020-03-16,DELIST_CORP,25.00,26.00,24.00,25.50,500000
2020-03-16,SPY,400.00,405.00,398.00,402.00,70000000
2020-03-17,AAPL,150.00,155.00,149.00,152.00,50000000
2020-03-17,MSFT,250.00,255.00,248.00,252.00,30000000
2020-03-17,FB,200.00,205.00,198.00,202.00,20000000
2020-03-17,DELIST_CORP,25.00,26.00,24.00,25.50,500000
2020-03-17,SPY,400.00,405.00,398.00,402.00,70000000
2020-03-18,AAPL,150.00,155.00,149.00,152.00,50000000
2020-03-18,MSFT,250.00,255.00,248.00,252.00,30000000
2020-03-18,FB,200.00,205.00,198.00,202.00,20000000
2020-03-18,DELIST_CORP,25.00,26.00,24.00,25.50,500000
2020-03-18,SPY,400.00,405.00,398.00,402.00,70000000
2020-03-19,AAPL,150.00,155.00,149.00,152.00,50000000
2020-03-19,MSFT,250.00,255.00,248.00,252.00,30000000
2020-03-19,FB,200.00,205.00,198.00,202.00,20000000
2020-03-19,DELIST_CORP,25.00,26.00,24.00,25.50,500000
2020-03-19,SPY,400.00,405.00,398.00,402.00,70000000
2020-03-20,AAPL,150.00,155.00,149.00,152.00,50000000
2020-03-20,MSFT,250.00,255.00,248.00,252.00,30000000
2020-03-20,FB,200.00,205.00,198.00,202.00,20000000
2020-03-20,DELIST_CORP,25.00,26.00,24.00,25.50,500000
2020-03-20,SPY,400.00,405.00,398.00,402.00,70000000
2020-03-23,AAPL,150.00,155.00,149.00,152.00,50000000
2020-03-23,MSFT,250.00,255.00,248.00,252.00,30000000
2020-03-23,FB,200.00,205.00,198.00,202.00,20000000
2020-03-23,DELIST_CORP,25.00,26.00,24.00,25.50,500000
2020-03-23,SPY,400.00,405.00,398.00,402.00,70000000
2020-03-24,AAPL,150.00,155.00,149.00,152.00,50000000
2020-03-24,MSFT,250.00,255.00,248.00,252.00,30000000
2020-03-24,FB,200.00,205.00,198.00,202.00,20000000
2020-03-24,DELIST_CORP,25.00,26.00,24.00,25.50,500000
2020-03-24,SPY,400.00,405.00,398.00,402.00,70000000
2020-03-25,AAPL,150.00,155.00,149.00,152.00,50000000
2020-03-25,MSFT,250.00,255.00,248.00,252.00,30000000
2020-03-25,FB,200.00,205.00,198.00,202.00,20000000
2020-03-25,DELIST_CORP,25.00,26.00,24.00,25.50,500000
2020-03-25,SPY,400.00,405.00,398.00,402.00,70000000
2020-03-26,AAPL,150.00,155.00,149.00,152.00,50000000
2020-03-26,MSFT,250.00,255.00,248.00,252.00,30000000
2020-03-26,FB,200.00,205.00,198.00,202.00,20000000
2020-03-26,DELIST_CORP,25.00,26.00,24.00,25.50,500000
2020-03-26,SPY,400.00,405.00,398.00,402.00,70000000
2020-03-27,AAPL,150.00,155.00,149.00,152.00,50000000
2020-03-27,MSFT,250.00,255.00,248.00,252.00,30000000
2020-03-27,FB,200.00,205.00,198.00,202.00,20000000
2020-03-27,DELIST_CORP,25.00,26.00,24.00,25.50,500000
2020-03-27,SPY,400.00,405.00,398.00,402.00,70000000
2020-03-30,AAPL,150.00,155.00,149.00,152.00,50000000
2020-03-30,MSFT,250.00,255.00,248.00,252.00,30000000
2020-03-30,FB,200.00,205.00,198.00,202.00,20000000
2020-03-30,DELIST_CORP,25.00,26.00,24.00,25.50,500000
2020-03-30,SPY,400.00,405.00,398.00,402.00,70000000
2020-03-31,AAPL,150.00,155.00,149.00,152.00,50000000
2020-03-31,MSFT,250.00,255.00,248.00,252.00,30000000
2020-03-31,FB,200.00,205.00,198.00,202.00,20000000
2020-03-31,DELIST_CORP,25.00,26.00,24.00,25.50,500000
2020-03-31,SPY,400.00,405.00,398.00,402.00,70000000
2020-04-01,AAPL,150.00,155.00,149.00,152.00,50000000
2020-04-01,MSFT,250.00,255.00,248.00,252.00,30000000
2020-04-01,FB,200.00,205.00,198.00,202.00,20000000
2020-04-01,DELIST_CORP,25.00,26.00,24.00,25.50,500000
2020-04-01,SPY,400.00,405.00,398.00,402.00,70000000
2020-04-02,AAPL,150.00,155.00,149.00,152.00,50000000
2020-04-02,MSFT,250.00,255.00,248.00,252.00,30000000
2020-04-02,FB,200.00,205.00,198.00,202.00,20000000
2020-04-02,DELIST_CORP,25.00,26.00,24.00,25.50,500000
2020-04-02,SPY,400.00,405.00,398.00,402.00,70000000
2020-04-03,AAPL,150.00,155.00,149.00,152.00,50000000
2020-04-03,MSFT,250.00,255.00,248.00,252.00,30000000
2020-04-03,FB,200.00,205.00,198.00,202.00,20000000
2020-04-03,DELIST_CORP,25.00,26.00,24.00,25.50,500000
2020-04-03,SPY,400.00,405.00,398.00,402.00,70000000
2020-04-06,AAPL,150.00,155.00,149.00,152.00,50000000
2020-04-06,MSFT,250.00,255.00,248.00,252.00,30000000
2020-04-06,FB,200.00,205.00,198.00,202.00,20000000
2020-04-06,DELIST_CORP,25.00,26.00,24.00,25.50,500000
2020-04-06,SPY,400.00,405.00,398.00,402.00,70000000
2020-04-07,AAPL,150.00,155.00,149.00,152.00,50000000
2020-04-07,MSFT,250.00,255.00,248.00,252.00,30000000
2020-04-07,FB,200.00,205.00,198.00,202.00,20000000
2020-04-07,DELIST_CORP,25.00,26.00,24.00,25.50,500000
2020-04-07,SPY,400.00,405.00,398.00,402.00,70000000
2020-04-08,AAPL,150.00,155.00,149.00,152.00,50000000
2020-04-08,MSFT,250.00,255.00,248.00,252.00,30000000
2020-04-08,FB,200.00,205.00,198.00,202.00,20000000
2020-04-08,DELIST_CORP,25.00,26.00,24.00,25.50,500000
2020-04-08,SPY,400.00,405.00,398.00,402.00,70000000
2020-04-09,AAPL,150.00,155.00,149.00,152.00,50000000
2020-04-09,MSFT,250.00,255.00,248.00,252.00,30000000
2020-04-09,FB,200.00,205.00,198.00,202.00,20000000
2020-04-09,DELIST_CORP,25.00,26.00,24.00,25.50,500000
2020-04-09,SPY,400.00,405.00,398.00,402.00,70000000
2020-04-10,AAPL,150.00,155.00,149.00,152.00,50000000
2020-04-10,MSFT,250.00,255.00,248.00,252.00,30000000
2020-04-10,FB,200.00,205.00,198.00,202.00,20000000
2020-04-10,DELIST_CORP,25.00,26.00,24.00,25.50,500000
2020-04-10,SPY,400.00,405.00,398.00,402.00,70000000
2020-04-13,AAPL,150.00,155.00,149.00,152.00,50000000
2020-04-13,MSFT,250.00,255.00,248.00,252.00,30000000
2020-04-13,FB,200.00,205.00,198.00,202.00,20000000
2020-04-13,DELIST_CORP,25.00,26.00,24.00,25.50,500000
2020-04-13,SPY,400.00,405.00,398.00,402.00,70000000
2020-04-14,AAPL,150.00,155.00,149.00,152.00,50000000
2020-04-14,MSFT,250.00,255.00,248.00,252.00,30000000
2020-04-14,FB,200.00,205.00,198.00,202.00,20000000
2020-04-14,DELIST_CORP,25.00,26.00,24.00,25.50,500000
2020-04-14,SPY,400.00,405.00,398.00,402.00,70000000
2020-04-15,AAPL,150.00,155.00,149.00,152.00,50000000
2020-04-15,MSFT,250.00,255.00,248.00,252.00,30000000
2020-04-15,FB,200.00,205.00,198.00,202.00,20000000
2020-04-15,DELIST_CORP,25.00,26.00,24.00,25.50,500000
2020-04-15,SPY,400.00,405.00,398.00,402.00,70000000
2020-04-16,AAPL,150.00,155.00,149.00,152.00,50000000
2020-04-16,MSFT,250.00,255.00,248.00,252.00,30000000
2020-04-16,FB,200.00,205.00,198.00,202.00,20000000
2020-04-16,DELIST_CORP,25.00,26.00,24.00,25.50,500000
2020-04-16,SPY,400.00,405.00,398.00,402.00,70000000
2020-04-17,AAPL,150.00,155.00,149.00,152.00,50000000
2020-04-17,MSFT,250.00,255.00,248.00,252.00,30000000
2020-04-17,FB,200.00,205.00,198.00,202.00,20000000
2020-04-17,DELIST_CORP,25.00,26.00,24.00,25.50,500000
2020-04-17,SPY,400.00,405.00,398.00,402.00,70000000
2020-04-20,AAPL,150.00,155.00,149.00,152.00,50000000
2020-04-20,MSFT,250.00,255.00,248.00,252.00,30000000
2020-04-20,FB,200.00,205.00,198.00,202.00,20000000
2020-04-20,DELIST_CORP,25.00,26.00,24.00,25.50,500000
2020-04-20,SPY,400.00,405.00,398.00,402.00,70000000
2020-04-21,AAPL,150.00,155.00,149.00,152.00,50000000
2020-04-21,MSFT,250.00,255.00,248.00,252.00,30000000
2020-04-21,FB,200.00,205.00,198.00,202.00,20000000
2020-04-21,DELIST_CORP,25.00,26.00,24.00,25.50,500000
2020-04-21,SPY,400.00,405.00,398.00,402.00,70000000
2020-04-22,AAPL,150.00,155.00,149.00,152.00,50000000
2020-04-22,MSFT,250.00,255.00,248.00,252.00,30000000
2020-04-22,FB,200.00,205.00,198.00,202.00,20000000
2020-04-22,DELIST_CORP,25.00,26.00,24.00,25.50,500000
2020-04-22,SPY,400.00,405.00,398.00,402.00,70000000
2020-04-23,AAPL,150.00,155.00,149.00,152.00,50000000
2020-04-23,MSFT,250.00,255.00,248.00,252.00,30000000
2020-04-23,FB,200.00,205.00,198.00,202.00,20000000
2020-04-23,DELIST_CORP,25.00,26.00,24.00,25.50,500000
2020-04-23,SPY,400.00,405.00,398.00,402.00,70000000
2020-04-24,AAPL,150.00,155.00,149.00,152.00,50000000
2020-04-24,MSFT,250.00,255.00,248.00,252.00,30000000
2020-04-24,FB,200.00,205.00,198.00,202.00,20000000
2020-04-24,DELIST_CORP,25.00,26.00,24.00,25.50,500000
2020-04-24,SPY,400.00,405.00,398.00,402.00,70000000
2020-04-27,AAPL,150.00,155.00,149.00,152.00,50000000
2020-04-27,MSFT,250.00,255.00,248.00,252.00,30000000
2020-04-27,FB,200.00,205.00,198.00,202.00,20000000
2020-04-27,DELIST_CORP,25.00,26.00,24.00,25.50,500000
2020-04-27,SPY,400.00,405.00,398.00,402.00,70000000
2020-04-28,AAPL,150.00,155.00,149.00,152.00,50000000
2020-04-28,MSFT,250.00,255.00,248.00,252.00,30000000
2020-04-28,FB,200.00,205.00,198.00,202.00,20000000
2020-04-28,DELIST_CORP,25.00,26.00,24.00,25.50,500000
2020-04-28,SPY,400.00,405.00,398.00,402.00,70000000
2020-04-29,AAPL,150.00,155.00,149.00,152.00,50000000
2020-04-29,MSFT,250.00,255.00,248.00,252.00,30000000
2020-04-29,FB,200.00,205.00,198.00,202.00,20000000
2020-04-29,DELIST_CORP,25.00,26.00,24.00,25.50,500000
2020-04-29,SPY,400.00,405.00,398.00,402.00,70000000
2020-04-30,AAPL,150.00,155.00,149.00,152.00,50000000
2020-04-30,MSFT,250.00,255.00,248.00,252.00,30000000
2020-04-30,FB,200.00,205.00,198.00,202.00,20000000
2020-04-30,DELIST_CORP,25.00,26.00,24.00,25.50,500000
2020-04-30,SPY,400.00,405.00,398.00,402.00,70000000
2020-05-01,AAPL,150.00,155.00,149.00,152.00,50000000
2020-05-01,MSFT,250.00,255.00,248.00,252.00,30000000
2020-05-01,FB,200.00,205.00,198.00,202.00,20000000
2020-05-01,DELIST_CORP,25.00,26.00,24.00,25.50,500000
2020-05-01,SPY,400.00,405.00,398.00,402.00,70000000
2020-05-04,AAPL,150.00,155.00,149.00,152.00,50000000
2020-05-04,MSFT,250.00,255.00,248.00,252.00,30000000
2020-05-04,FB,200.00,205.00,198.00,202.00,20000000
2020-05-04,DELIST_CORP,25.00,26.00,24.00,25.50,500000
2020-05-04,SPY,400.00,405.00,398.00,402.00,70000000
2020-05-05,AAPL,150.00,155.00,149.00,152.00,50000000
2020-05-05,MSFT,250.00,255.00,248.00,252.00,30000000
2020-05-05,FB,200.00,205.00,198.00,202.00,20000000
2020-05-05,DELIST_CORP,25.00,26.00,24.00,25.50,500000
2020-05-05,SPY,400.00,405.00,398.00,402.00,70000000
2020-05-06,AAPL,150.00,155.00,149.00,152.00,50000000
2020-05-06,MSFT,250.00,255.00,248.00,252.00,30000000
2020-05-06,FB,200.00,205.00,198.00,202.00,20000000
2020-05-06,DELIST_CORP,25.00,26.00,24.00,25.50,500000
2020-05-06,SPY,400.00,405.00,398.00,402.00,70000000
2020-05-07,AAPL,150.00,155.00,149.00,152.00,50000000
2020-05-07,MSFT,250.00,255.00,248.00,252.00,30000000
2020-05-07,FB,200.00,205.00,198.00,202.00,20000000
2020-05-07,DELIST_CORP,25.00,26.00,24.00,25.50,500000
2020-05-07,SPY,400.00,405.00,398.00,402.00,70000000
2020-05-08,AAPL,150.00,155.00,149.00,152.00,50000000
2020-05-08,MSFT,250.00,255.00,248.00,252.00,30000000
2020-05-08,FB,200.00,205.00,198.00,202.00,20000000
2020-05-08,DELIST_CORP,25.00,26.00,24.00,25.50,500000
2020-05-08,SPY,400.00,405.00,398.00,402.00,70000000
2020-05-11,AAPL,150.00,155.00,149.00,152.00,50000000
2020-05-11,MSFT,250.00,255.00,248.00,252.00,30000000
2020-05-11,FB,200.00,205.00,198.00,202.00,20000000
2020-05-11,DELIST_CORP,25.00,26.00,24.00,25.50,500000
2020-05-11,SPY,400.00,405.00,398.00,402.00,70000000
2020-05-12,AAPL,150.00,155.00,149.00,152.00,50000000
2020-05-12,MSFT,250.00,255.00,248.00,252.00,30000000
2020-05-12,FB,200.00,205.00,198.00,202.00,20000000
2020-05-12,DELIST_CORP,25.00,26.00,24.00,25.50,500000
2020-05-12,SPY,400.00,405.00,398.00,402.00,70000000
2020-05-13,AAPL,150.00,155.00,149.00,152.00,50000000
2020-05-13,MSFT,250.00,255.00,248.00,252.00,30000000
2020-05-13,FB,200.00,205.00,198.00,202.00,20000000
2020-05-13,DELIST_CORP,25.00,26.00,24.00,25.50,500000
2020-05-13,SPY,400.00,405.00,398.00,402.00,70000000
2020-05-14,AAPL,150.00,155.00,149.00,152.00,50000000
2020-05-14,MSFT,250.00,255.00,248.00,252.00,30000000
2020-05-14,FB,200.00,205.00,198.00,202.00,20000000
2020-05-14,DELIST_CORP,25.00,26.00,24.00,25.50,500000
2020-05-14,SPY,400.00,405.00,398.00,402.00,70000000
2020-05-15,AAPL,150.00,155.00,149.00,152.00,50000000
2020-05-15,MSFT,250.00,255.00,248.00,252.00,30000000
2020-05-15,FB,200.00,205.00,198.00,202.00,20000000
2020-05-15,DELIST_CORP,25.00,26.00,24.00,25.50,500000
2020-05-15,SPY,400.00,405.00,398.00,402.00,70000000
2020-05-18,AAPL,150.00,155.00,149.00,152.00,50000000
2020-05-18,MSFT,250.00,255.00,248.00,252.00,30000000
2020-05-18,FB,200.00,205.00,198.00,202.00,20000000
2020-05-18,DELIST_CORP,25.00,26.00,24.00,25.50,500000
2020-05-18,SPY,400.00,405.00,398.00,402.00,70000000
2020-05-19,AAPL,150.00,155.00,149.00,152.00,50000000
2020-05-19,MSFT,250.00,255.00,248.00,252.00,30000000
2020-05-19,FB,200.00,205.00,198.00,202.00,20000000
2020-05-19,DELIST_CORP,25.00,26.00,24.00,25.50,500000
2020-05-19,SPY,400.00,405.00,398.00,402.00,70000000
2020-05-20,AAPL,150.00,155.00,149.00,152.00,50000000
2020-05-20,MSFT,250.00,255.00,248.00,252.00,30000000
2020-05-20,FB,200.00,205.00,198.00,202.00,20000000
2020-05-20,DELIST_CORP,25.00,26.00,24.00,25.50,500000
2020-05-20,SPY,400.00,405.00,398.00,402.00,70000000
2020-05-21,AAPL,150.00,155.00,149.00,152.00,50000000
2020-05-21,MSFT,250.00,255.00,248.00,252.00,30000000
2020-05-21,FB,200.00,205.00,198.00,202.00,20000000
2020-05-21,DELIST_CORP,25.00,26.00,24.00,25.50,500000
2020-05-21,SPY,400.00,405.00,398.00,402.00,70000000
2020-05-22,AAPL,150.00,155.00,149.00,152.00,50000000
2020-05-22,MSFT,250.00,255.00,248.00,252.00,30000000
2020-05-22,FB,200.00,205.00,198.00,202.00,20000000
2020-05-22,DELIST_CORP,25.00,26.00,24.00,25.50,500000
2020-05-22,SPY,400.00,405.00,398.00,402.00,70000000
2020-05-25,AAPL,150.00,155.00,149.00,152.00,50000000
2020-05-25,MSFT,250.00,255.00,248.00,252.00,30000000
2020-05-25,FB,200.00,205.00,198.00,202.00,20000000
2020-05-25,DELIST_CORP,25.00,26.00,24.00,25.50,500000
2020-05-25,SPY,400.00,405.00,398.00,402.00,70000000
2020-05-26,AAPL,150.00,155.00,149.00,152.00,50000000
2020-05-26,MSFT,250.00,255.00,248.00,252.00,30000000
2020-05-26,FB,200.00,205.00,198.00,202.00,20000000
2020-05-26,DELIST_CORP,25.00,26.00,24.00,25.50,500000
2020-05-26,SPY,400.00,405.00,398.00,402.00,70000000
2020-05-27,AAPL,150.00,155.00,149.00,152.00,50000000
2020-05-27,MSFT,250.00,255.00,248.00,252.00,30000000
2020-05-27,FB,200.00,205.00,198.00,202.00,20000000
2020-05-27,DELIST_CORP,25.00,26.00,24.00,25.50,500000
2020-05-27,SPY,400.00,405.00,398.00,402.00,70000000
2020-05-28,AAPL,150.00,155.00,149.00,152.00,50000000
2020-05-28,MSFT,250.00,255.00,248.00,252.00,30000000
2020-05-28,FB,200.00,205.00,198.00,202.00,20000000
2020-05-28,DELIST_CORP,25.00,26.00,24.00,25.50,500000
2020-05-28,SPY,400.00,405.00,398.00,402.00,70000000
2020-05-29,AAPL,150.00,155.00,149.00,152.00,50000000
2020-05-29,MSFT,250.00,255.00,248.00,252.00,30000000
2020-05-29,FB,200.00,205.00,198.00,202.00,20000000
2020-05-29,DELIST_CORP,25.00,26.00,24.00,25.50,500000
2020-05-29,SPY,400.00,405.00,398.00,402.00,70000000
2020-06-01,AAPL,150.00,155.00,149.00,152.00,50000000
2020-06-01,MSFT,250.00,255.00,248.00,252.00,30000000
2020-06-01,FB,200.00,205.00,198.00,202.00,20000000
2020-06-01,DELIST_CORP,25.00,26.00,24.00,25.50,500000
2020-06-01,SPY,400.00,405.00,398.00,402.00,70000000
2020-06-02,AAPL,150.00,155.00,149.00,152.00,50000000
2020-06-02,MSFT,250.00,255.00,248.00,252.00,30000000
2020-06-02,FB,200.00,205.00,198.00,202.00,20000000
2020-06-02,DELIST_CORP,25.00,26.00,24.00,25.50,500000
2020-06-02,SPY,400.00,405.00,398.00,402.00,70000000
2020-06-03,AAPL,150.00,155.00,149.00,152.00,50000000
2020-06-03,MSFT,250.00,255.00,248.00,252.00,30000000
2020-06-03,FB,200.00,205.00,198.00,202.00,20000000
2020-06-03,DELIST_CORP,25.00,26.00,24.00,25.50,500000
2020-06-03,SPY,400.00,405.00,398.00,402.00,70000000
2020-06-04,AAPL,150.00,155.00,149.00,152.00,50000000
2020-06-04,MSFT,250.00,255.00,248.00,252.00,30000000
2020-06-04,FB,200.00,205.00,198.00,202.00,20000000
2020-06-04,DELIST_CORP,25.00,26.00,24.00,25.50,500000
2020-06-04,SPY,400.00,405.00,398.00,402.00,70000000
2020-06-05,AAPL,150.00,155.00,149.00,152.00,50000000
2020-06-05,MSFT,250.00,255.00,248.00,252.00,30000000
2020-06-05,FB,200.00,205.00,198.00,202.00,20000000
2020-06-05,DELIST_CORP,25.00,26.00,24.00,25.50,500000
2020-06-05,SPY,400.00,405.00,398.00,402.00,70000000
2020-06-08,AAPL,150.00,155.00,149.00,152.00,50000000
2020-06-08,MSFT,250.00,255.00,248.00,252.00,30000000
2020-06-08,FB,200.00,205.00,198.00,202.00,20000000
2020-06-08,DELIST_CORP,25.00,26.00,24.00,25.50,500000
2020-06-08,SPY,400.00,405.00,398.00,402.00,70000000
2020-06-09,AAPL,150.00,155.00,149.00,152.00,50000000
2020-06-09,MSFT,250.00,255.00,248.00,252.00,30000000
2020-06-09,FB,200.00,205.00,198.00,202.00,20000000
2020-06-09,DELIST_CORP,25.00,26.00,24.00,25.50,500000
2020-06-09,SPY,400.00,405.00,398.00,402.00,70000000
2020-06-10,AAPL,150.00,155.00,149.00,152.00,50000000
2020-06-10,MSFT,250.00,255.00,248.00,252.00,30000000
2020-06-10,FB,200.00,205.00,198.00,202.00,20000000
2020-06-10,DELIST_CORP,25.00,26.00,24.00,25.50,500000
2020-06-10,SPY,400.00,405.00,398.00,402.00,70000000
2020-06-11,AAPL,150.00,155.00,149.00,152.00,50000000
2020-06-11,MSFT,250.00,255.00,248.00,252.00,30000000
2020-06-11,FB,200.00,205.00,198.00,202.00,20000000
2020-06-11,DELIST_CORP,25.00,26.00,24.00,25.50,500000
2020-06-11,SPY,400.00,405.00,398.00,402.00,70000000
2020-06-12,AAPL,150.00,155.00,149.00,152.00,50000000
2020-06-12,MSFT,250.00,255.00,248.00,252.00,30000000
2020-06-12,FB,200.00,205.00,198.00,202.00,20000000
2020-06-12,DELIST_CORP,25.00,26.00,24.00,25.50,500000
2020-06-12,SPY,400.00,405.00,398.00,402.00,70000000
2020-06-15,AAPL,150.00,155.00,149.00,152.00,50000000
2020-06-15,MSFT,250.00,255.00,248.00,252.00,30000000
2020-06-15,FB,200.00,205.00,198.00,202.00,20000000
2020-06-15,DELIST_CORP,25.00,26.00,24.00,25.50,500000
2020-06-15,SPY,400.00,405.00,398.00,402.00,70000000
2020-06-16,AAPL,150.00,155.00,149.00,152.00,50000000
2020-06-16,MSFT,250.00,255.00,248.00,252.00,30000000
2020-06-16,FB,200.00,205.00,198.00,202.00,20000000
2020-06-16,DELIST_CORP,25.00,26.00,24.00,25.50,500000
2020-06-16,SPY,400.00,405.00,398.00,402.00,70000000
2020-06-17,AAPL,150.00,155.00,149.00,152.00,50000000
2020-06-17,MSFT,250.00,255.00,248.00,252.00,30000000
2020-06-17,FB,200.00,205.00,198.00,202.00,20000000
2020-06-17,DELIST_CORP,25.00,26.00,24.00,25.50,500000
2020-06-17,SPY,400.00,405.00,398.00,402.00,70000000
2020-06-18,AAPL,150.00,155.00,149.00,152.00,50000000
2020-06-18,MSFT,250.00,255.00,248.00,252.00,30000000
2020-06-18,FB,200.00,205.00,198.00,202.00,20000000
2020-06-18,DELIST_CORP,25.00,26.00,24.00,25.50,500000
2020-06-18,SPY,400.00,405.00,398.00,402.00,70000000
2020-06-19,AAPL,150.00,155.00,149.00,152.00,50000000
2020-06-19,MSFT,250.00,255.00,248.00,252.00,30000000
2020-06-19,FB,200.00,205.00,198.00,202.00,20000000
2020-06-19,DELIST_CORP,25.00,26.00,24.00,25.50,500000
2020-06-19,SPY,400.00,405.00,398.00,402.00,70000000
2020-06-22,AAPL,150.00,155.00,149.00,152.00,50000000
2020-06-22,MSFT,250.00,255.00,248.00,252.00,30000000
2020-06-22,FB,200.00,205.00,198.00,202.00,20000000
2020-06-22,DELIST_CORP,25.00,26.00,24.00,25.50,500000
2020-06-22,SPY,400.00,405.00,398.00,402.00,70000000
2020-06-23,AAPL,150.00,155.00,149.00,152.00,50000000
2020-06-23,MSFT,250.00,255.00,248.00,252.00,30000000
2020-06-23,FB,200.00,205.00,198.00,202.00,20000000
2020-06-23,DELIST_CORP,25.00,26.00,24.00,25.50,500000
2020-06-23,SPY,400.00,405.00,398.00,402.00,70000000
2020-06-24,AAPL,150.00,155.00,149.00,152.00,50000000
2020-06-24,MSFT,250.00,255.00,248.00,252.00,30000000
2020-06-24,FB,200.00,205.00,198.00,202.00,20000000
2020-06-24,DELIST_CORP,25.00,26.00,24.00,25.50,500000
2020-06-24,SPY,400.00,405.00,398.00,402.00,70000000
2020-06-25,AAPL,150.00,155.00,149.00,152.00,50000000
2020-06-25,MSFT,250.00,255.00,248.00,252.00,30000000
2020-06-25,FB,200.00,205.00,198.00,202.00,20000000
2020-06-25,DELIST_CORP,25.00,26.00,24.00,25.50,500000
2020-06-25,SPY,400.00,405.00,398.00,402.00,70000000
2020-06-26,AAPL,150.00,155.00,149.00,152.00,50000000
2020-06-26,MSFT,250.00,255.00,248.00,252.00,30000000
2020-06-26,FB,200.00,205.00,198.00,202.00,20000000
2020-06-26,DELIST_CORP,25.00,26.00,24.00,25.50,500000
2020-06-26,SPY,400.00,405.00,398.00,402.00,70000000
2020-06-29,AAPL,150.00,155.00,149.00,152.00,50000000
2020-06-29,MSFT,250.00,255.00,248.00,252.00,30000000
2020-06-29,FB,200.00,205.00,198.00,202.00,20000000
2020-06-29,DELIST_CORP,25.00,26.00,24.00,25.50,500000
2020-06-29,SPY,400.00,405.00,398.00,402.00,70000000
2020-06-30,AAPL,150.00,155.00,149.00,152.00,50000000
2020-06-30,MSFT,250.00,255.00,248.00,252.00,30000000
2020-06-30,FB,200.00,205.00,198.00,202.00,20000000
2020-06-30,DELIST_CORP,25.00,26.00,24.00,25.50,500000
2020-06-30,SPY,400.00,405.00,398.00,402.00,70000000
2020-07-01,AAPL,150.00,155.00,149.00,152.00,50000000
2020-07-01,MSFT,250.00,255.00,248.00,252.00,30000000
2020-07-01,FB,200.00,205.00,198.00,202.00,20000000
2020-07-01,DELIST_CORP,25.00,26.00,24.00,25.50,500000
2020-07-01,SPY,400.00,405.00,398.00,402.00,70000000
2020-07-02,AAPL,150.00,155.00,149.00,152.00,50000000
2020-07-02,MSFT,250.00,255.00,248.00,252.00,30000000
2020-07-02,FB,200.00,205.00,198.00,202.00,20000000
2020-07-02,DELIST_CORP,25.00,26.00,24.00,25.50,500000
2020-07-02,SPY,400.00,405.00,398.00,402.00,70000000
2020-07-03,AAPL,150.00,155.00,149.00,152.00,50000000
2020-07-03,MSFT,250.00,255.00,248.00,252.00,30000000
2020-07-03,FB,200.00,205.00,198.00,202.00,20000000
2020-07-03,DELIST_CORP,25.00,26.00,24.00,25.50,500000
2020-07-03,SPY,400.00,405.00,398.00,402.00,70000000
2020-07-06,AAPL,150.00,155.00,149.00,152.00,50000000
2020-07-06,MSFT,250.00,255.00,248.00,252.00,30000000
2020-07-06,FB,200.00,205.00,198.00,202.00,20000000
2020-07-06,DELIST_CORP,25.00,26.00,24.00,25.50,500000
2020-07-06,SPY,400.00,405.00,398.00,402.00,70000000
2020-07-07,AAPL,150.00,155.00,149.00,152.00,50000000
2020-07-07,MSFT,250.00,255.00,248.00,252.00,30000000
2020-07-07,FB,200.00,205.00,198.00,202.00,20000000
2020-07-07,DELIST_CORP,25.00,26.00,24.00,25.50,500000
2020-07-07,SPY,400.00,405.00,398.00,402.00,70000000
2020-07-08,AAPL,150.00,155.00,149.00,152.00,50000000
2020-07-08,MSFT,250.00,255.00,248.00,252.00,30000000
2020-07-08,FB,200.00,205.00,198.00,202.00,20000000
2020-07-08,DELIST_CORP,25.00,26.00,24.00,25.50,500000
2020-07-08,SPY,400.00,405.00,398.00,402.00,70000000
2020-07-09,AAPL,150.00,155.00,149.00,152.00,50000000
2020-07-09,MSFT,250.00,255.00,248.00,252.00,30000000
2020-07-09,FB,200.00,205.00,198.00,202.00,20000000
2020-07-09,DELIST_CORP,25.00,26.00,24.00,25.50,500000
2020-07-09,SPY,400.00,405.00,398.00,402.00,70000000
2020-07-10,AAPL,150.00,155.00,149.00,152.00,50000000
2020-07-10,MSFT,250.00,255.00,248.00,252.00,30000000
2020-07-10,FB,200.00,205.00,198.00,202.00,20000000
2020-07-10,DELIST_CORP,25.00,26.00,24.00,25.50,500000
2020-07-10,SPY,400.00,405.00,398.00,402.00,70000000
2020-07-13,AAPL,150.00,155.00,149.00,152.00,50000000
2020-07-13,MSFT,250.00,255.00,248.00,252.00,30000000
2020-07-13,FB,200.00,205.00,198.00,202.00,20000000
2020-07-13,DELIST_CORP,25.00,26.00,24.00,25.50,500000
2020-07-13,SPY,400.00,405.00,398.00,402.00,70000000
2020-07-14,AAPL,150.00,155.00,149.00,152.00,50000000
2020-07-14,MSFT,250.00,255.00,248.00,252.00,30000000
2020-07-14,FB,200.00,205.00,198.00,202.00,20000000
2020-07-14,DELIST_CORP,25.00,26.00,24.00,25.50,500000
2020-07-14,SPY,400.00,405.00,398.00,402.00,70000000
2020-07-15,AAPL,150.00,155.00,149.00,152.00,50000000
2020-07-15,MSFT,250.00,255.00,248.00,252.00,30000000
2020-07-15,FB,200.00,205.00,198.00,202.00,20000000
2020-07-15,DELIST_CORP,25.00,26.00,24.00,25.50,500000
2020-07-15,SPY,400.00,405.00,398.00,402.00,70000000
2020-07-16,AAPL,150.00,155.00,149.00,152.00,50000000
2020-07-16,MSFT,250.00,255.00,248.00,252.00,30000000
2020-07-16,FB,200.00,205.00,198.00,202.00,20000000
2020-07-16,DELIST_CORP,25.00,26.00,24.00,25.50,500000
2020-07-16,SPY,400.00,405.00,398.00,402.00,70000000
2020-07-17,AAPL,150.00,155.00,149.00,152.00,50000000
2020-07-17,MSFT,250.00,255.00,248.00,252.00,30000000
2020-07-17,FB,200.00,205.00,198.00,202.00,20000000
2020-07-17,DELIST_CORP,25.00,26.00,24.00,25.50,500000
2020-07-17,SPY,400.00,405.00,398.00,402.00,70000000
2020-07-20,AAPL,150.00,155.00,149.00,152.00,50000000
2020-07-20,MSFT,250.00,255.00,248.00,252.00,30000000
2020-07-20,FB,200.00,205.00,198.00,202.00,20000000
2020-07-20,DELIST_CORP,25.00,26.00,24.00,25.50,500000
2020-07-20,SPY,400.00,405.00,398.00,402.00,70000000
2020-07-21,AAPL,150.00,155.00,149.00,152.00,50000000
2020-07-21,MSFT,250.00,255.00,248.00,252.00,30000000
2020-07-21,FB,200.00,205.00,198.00,202.00,20000000
2020-07-21,DELIST_CORP,25.00,26.00,24.00,25.50,500000
2020-07-21,SPY,400.00,405.00,398.00,402.00,70000000
2020-07-22,AAPL,150.00,155.00,149.00,152.00,50000000
2020-07-22,MSFT,250.00,255.00,248.00,252.00,30000000
2020-07-22,FB,200.00,205.00,198.00,202.00,20000000
2020-07-22,DELIST_CORP,25.00,26.00,24.00,25.50,500000
2020-07-22,SPY,400.00,405.00,398.00,402.00,70000000
2020-07-23,AAPL,150.00,155.00,149.00,152.00,50000000
2020-07-23,MSFT,250.00,255.00,248.00,252.00,30000000
2020-07-23,FB,200.00,205.00,198.00,202.00,20000000
2020-07-23,DELIST_CORP,25.00,26.00,24.00,25.50,500000
2020-07-23,SPY,400.00,405.00,398.00,402.00,70000000
2020-07-24,AAPL,150.00,155.00,149.00,152.00,50000000
2020-07-24,MSFT,250.00,255.00,248.00,252.00,30000000
2020-07-24,FB,200.00,205.00,198.00,202.00,20000000
2020-07-24,DELIST_CORP,25.00,26.00,24.00,25.50,500000
2020-07-24,SPY,400.00,405.00,398.00,402.00,70000000
2020-07-27,AAPL,150.00,155.00,149.00,152.00,50000000
2020-07-27,MSFT,250.00,255.00,248.00,252.00,30000000
2020-07-27,FB,200.00,205.00,198.00,202.00,20000000
2020-07-27,DELIST_CORP,25.00,26.00,24.00,25.50,500000
2020-07-27,SPY,400.00,405.00,398.00,402.00,70000000
2020-07-28,AAPL,150.00,155.00,149.00,152.00,50000000
2020-07-28,MSFT,250.00,255.00,248.00,252.00,30000000
2020-07-28,FB,200.00,205.00,198.00,202.00,20000000
2020-07-28,DELIST_CORP,25.00,26.00,24.00,25.50,500000
2020-07-28,SPY,400.00,405.00,398.00,402.00,70000000
2020-07-29,AAPL,150.00,155.00,149.00,152.00,50000000
2020-07-29,MSFT,250.00,255.00,248.00,252.00,30000000
2020-07-29,FB,200.00,205.00,198.00,202.00,20000000
2020-07-29,DELIST_CORP,25.00,26.00,24.00,25.50,500000
2020-07-29,SPY,400.00,405.00,398.00,402.00,70000000
2020-07-30,AAPL,150.00,155.00,149.00,152.00,50000000
2020-07-30,MSFT,250.00,255.00,248.00,252.00,30000000
2020-07-30,FB,200.00,205.00,198.00,202.00,20000000
2020-07-30,DELIST_CORP,25.00,26.00,24.00,25.50,500000
2020-07-30,SPY,400.00,405.00,398.00,402.00,70000000
2020-07-31,AAPL,150.00,155.00,149.00,152.00,50000000
2020-07-31,MSFT,250.00,255.00,248.00,252.00,30000000
2020-07-31,FB,200.00,205.00,198.00,202.00,20000000
2020-07-31,DELIST_CORP,25.00,26.00,24.00,25.50,500000
2020-07-31,SPY,400.00,405.00,398.00,402.00,70000000
2020-08-03,AAPL,150.00,155.00,149.00,152.00,50000000
2020-08-03,MSFT,250.00,255.00,248.00,252.00,30000000
2020-08-03,FB,200.00,205.00,198.00,202.00,20000000
2020-08-03,DELIST_CORP,25.00,26.00,24.00,25.50,500000
2020-08-03,SPY,400.00,405.00,398.00,402.00,70000000
2020-08-04,AAPL,150.00,155.00,149.00,152.00,50000000
2020-08-04,MSFT,250.00,255.00,248.00,252.00,30000000
2020-08-04,FB,200.00,205.00,198.00,202.00,20000000
2020-08-04,DELIST_CORP,25.00,26.00,24.00,25.50,500000
2020-08-04,SPY,400.00,405.00,398.00,402.00,70000000
2020-08-05,AAPL,150.00,155.00,149.00,152.00,50000000
2020-08-05,MSFT,250.00,255.00,248.00,252.00,30000000
2020-08-05,FB,200.00,205.00,198.00,202.00,20000000
2020-08-05,DELIST_CORP,25.00,26.00,24.00,25.50,500000
2020-08-05,SPY,400.00,405.00,398.00,402.00,70000000
2020-08-06,AAPL,150.00,155.00,149.00,152.00,50000000
2020-08-06,MSFT,250.00,255.00,248.00,252.00,30000000
2020-08-06,FB,200.00,205.00,198.00,202.00,20000000
2020-08-06,DELIST_CORP,25.00,26.00,24.00,25.50,500000
2020-08-06,SPY,400.00,405.00,398.00,402.00,70000000
2020-08-07,AAPL,150.00,155.00,149.00,152.00,50000000
2020-08-07,MSFT,250.00,255.00,248.00,252.00,30000000
2020-08-07,FB,200.00,205.00,198.00,202.00,20000000
2020-08-07,DELIST_CORP,25.00,26.00,24.00,25.50,500000
2020-08-07,SPY,400.00,405.00,398.00,402.00,70000000
2020-08-10,AAPL,150.00,155.00,149.00,152.00,50000000
2020-08-10,MSFT,250.00,255.00,248.00,252.00,30000000
2020-08-10,FB,200.00,205.00,198.00,202.00,20000000
2020-08-10,DELIST_CORP,25.00,26.00,24.00,25.50,500000
2020-08-10,SPY,400.00,405.00,398.00,402.00,70000000
2020-08-11,AAPL,150.00,155.00,149.00,152.00,50000000
2020-08-11,MSFT,250.00,255.00,248.00,252.00,30000000
2020-08-11,FB,200.00,205.00,198.00,202.00,20000000
2020-08-11,DELIST_CORP,25.00,26.00,24.00,25.50,500000
2020-08-11,SPY,400.00,405.00,398.00,402.00,70000000
2020-08-12,AAPL,150.00,155.00,149.00,152.00,50000000
2020-08-12,MSFT,250.00,255.00,248.00,252.00,30000000
2020-08-12,FB,200.00,205.00,198.00,202.00,20000000
2020-08-12,DELIST_CORP,25.00,26.00,24.00,25.50,500000
2020-08-12,SPY,400.00,405.00,398.00,402.00,70000000
2020-08-13,AAPL,150.00,155.00,149.00,152.00,50000000
2020-08-13,MSFT,250.00,255.00,248.00,252.00,30000000
2020-08-13,FB,200.00,205.00,198.00,202.00,20000000
2020-08-13,DELIST_CORP,25.00,26.00,24.00,25.50,500000
2020-08-13,SPY,400.00,405.00,398.00,402.00,70000000
2020-08-14,AAPL,150.00,155.00,149.00,152.00,50000000
2020-08-14,MSFT,250.00,255.00,248.00,252.00,30000000
2020-08-14,FB,200.00,205.00,198.00,202.00,20000000
2020-08-14,DELIST_CORP,25.00,26.00,24.00,25.50,500000
2020-08-14,SPY,400.00,405.00,398.00,402.00,70000000
2020-08-17,AAPL,150.00,155.00,149.00,152.00,50000000
2020-08-17,MSFT,250.00,255.00,248.00,252.00,30000000
2020-08-17,FB,200.00,205.00,198.00,202.00,20000000
2020-08-17,DELIST_CORP,25.00,26.00,24.00,25.50,500000
2020-08-17,SPY,400.00,405.00,398.00,402.00,70000000
2020-08-18,AAPL,150.00,155.00,149.00,152.00,50000000
2020-08-18,MSFT,250.00,255.00,248.00,252.00,30000000
2020-08-18,FB,200.00,205.00,198.00,202.00,20000000
2020-08-18,DELIST_CORP,25.00,26.00,24.00,25.50,500000
2020-08-18,SPY,400.00,405.00,398.00,402.00,70000000
2020-08-19,AAPL,150.00,155.00,149.00,152.00,50000000
2020-08-19,MSFT,250.00,255.00,248.00,252.00,30000000
2020-08-19,FB,200.00,205.00,198.00,202.00,20000000
2020-08-19,DELIST_CORP,25.00,26.00,24.00,25.50,500000
2020-08-19,SPY,400.00,405.00,398.00,402.00,70000000
2020-08-20,AAPL,150.00,155.00,149.00,152.00,50000000
2020-08-20,MSFT,250.00,255.00,248.00,252.00,30000000
2020-08-20,FB,200.00,205.00,198.00,202.00,20000000
2020-08-20,DELIST_CORP,25.00,26.00,24.00,25.50,500000
2020-08-20,SPY,400.00,405.00,398.00,402.00,70000000
2020-08-21,AAPL,150.00,155.00,149.00,152.00,50000000
2020-08-21,MSFT,250.00,255.00,248.00,252.00,30000000
2020-08-21,FB,200.00,205.00,198.00,202.00,20000000
2020-08-21,DELIST_CORP,25.00,26.00,24.00,25.50,500000
2020-08-21,SPY,400.00,405.00,398.00,402.00,70000000
2020-08-24,AAPL,150.00,155.00,149.00,152.00,50000000
2020-08-24,MSFT,250.00,255.00,248.00,252.00,30000000
2020-08-24,FB,200.00,205.00,198.00,202.00,20000000
2020-08-24,DELIST_CORP,25.00,26.00,24.00,25.50,500000
2020-08-24,SPY,400.00,405.00,398.00,402.00,70000000
2020-08-25,AAPL,150.00,155.00,149.00,152.00,50000000
2020-08-25,MSFT,250.00,255.00,248.00,252.00,30000000
2020-08-25,FB,200.00,205.00,198.00,202.00,20000000
2020-08-25,DELIST_CORP,25.00,26.00,24.00,25.50,500000
2020-08-25,SPY,400.00,405.00,398.00,402.00,70000000
2020-08-26,AAPL,150.00,155.00,149.00,152.00,50000000
2020-08-26,MSFT,250.00,255.00,248.00,252.00,30000000
2020-08-26,FB,200.00,205.00,198.00,202.00,20000000
2020-08-26,DELIST_CORP,25.00,26.00,24.00,25.50,500000
2020-08-26,SPY,400.00,405.00,398.00,402.00,70000000
2020-08-27,AAPL,150.00,155.00,149.00,152.00,50000000
2020-08-27,MSFT,250.00,255.00,248.00,252.00,30000000
2020-08-27,FB,200.00,205.00,198.00,202.00,20000000
2020-08-27,DELIST_CORP,25.00,26.00,24.00,25.50,500000
2020-08-27,SPY,400.00,405.00,398.00,402.00,70000000
2020-08-28,AAPL,150.00,155.00,149.00,152.00,50000000
2020-08-28,MSFT,250.00,255.00,248.00,252.00,30000000
2020-08-28,FB,200.00,205.00,198.00,202.00,20000000
2020-08-28,DELIST_CORP,25.00,26.00,24.00,25.50,500000
2020-08-28,SPY,400.00,405.00,398.00,402.00,70000000
2020-08-31,AAPL,150.00,155.00,149.00,152.00,50000000
2020-08-31,MSFT,250.00,255.00,248.00,252.00,30000000
2020-08-31,FB,200.00,205.00,198.00,202.00,20000000
2020-08-31,DELIST_CORP,25.00,26.00,24.00,25.50,500000
2020-08-31,SPY,400.00,405.00,398.00,402.00,70000000
2020-09-01,AAPL,150.00,155.00,149.00,152.00,50000000
2020-09-01,MSFT,250.00,255.00,248.00,252.00,30000000
2020-09-01,FB,200.00,205.00,198.00,202.00,20000000
2020-09-01,DELIST_CORP,25.00,26.00,24.00,25.50,500000
2020-09-01,SPY,400.00,405.00,398.00,402.00,70000000
2020-09-02,AAPL,150.00,155.00,149.00,152.00,50000000
2020-09-02,MSFT,250.00,255.00,248.00,252.00,30000000
2020-09-02,FB,200.00,205.00,198.00,202.00,20000000
2020-09-02,DELIST_CORP,25.00,26.00,24.00,25.50,500000
2020-09-02,SPY,400.00,405.00,398.00,402.00,70000000
2020-09-03,AAPL,150.00,155.00,149.00,152.00,50000000
2020-09-03,MSFT,250.00,255.00,248.00,252.00,30000000
2020-09-03,FB,200.00,205.00,198.00,202.00,20000000
2020-09-03,DELIST_CORP,25.00,26.00,24.00,25.50,500000
2020-09-03,SPY,400.00,405.00,398.00,402.00,70000000
2020-09-04,AAPL,150.00,155.00,149.00,152.00,50000000
2020-09-04,MSFT,250.00,255.00,248.00,252.00,30000000
2020-09-04,FB,200.00,205.00,198.00,202.00,20000000
2020-09-04,DELIST_CORP,25.00,26.00,24.00,25.50,500000
2020-09-04,SPY,400.00,405.00,398.00,402.00,70000000
2020-09-07,AAPL,150.00,155.00,149.00,152.00,50000000
2020-09-07,MSFT,250.00,255.00,248.00,252.00,30000000
2020-09-07,FB,200.00,205.00,198.00,202.00,20000000
2020-09-07,DELIST_CORP,25.00,26.00,24.00,25.50,500000
2020-09-07,SPY,400.00,405.00,398.00,402.00,70000000
2020-09-08,AAPL,150.00,155.00,149.00,152.00,50000000
2020-09-08,MSFT,250.00,255.00,248.00,252.00,30000000
2020-09-08,FB,200.00,205.00,198.00,202.00,20000000
2020-09-08,DELIST_CORP,25.00,26.00,24.00,25.50,500000
2020-09-08,SPY,400.00,405.00,398.00,402.00,70000000
2020-09-09,AAPL,150.00,155.00,149.00,152.00,50000000
2020-09-09,MSFT,250.00,255.00,248.00,252.00,30000000
2020-09-09,FB,200.00,205.00,198.00,202.00,20000000
2020-09-09,DELIST_CORP,25.00,26.00,24.00,25.50,500000
2020-09-09,SPY,400.00,405.00,398.00,402.00,70000000
2020-09-10,AAPL,150.00,155.00,149.00,152.00,50000000
2020-09-10,MSFT,250.00,255.00,248.00,252.00,30000000
2020-09-10,FB,200.00,205.00,198.00,202.00,20000000
2020-09-10,DELIST_CORP,25.00,26.00,24.00,25.50,500000
2020-09-10,SPY,400.00,405.00,398.00,402.00,70000000
2020-09-11,AAPL,150.00,155.00,149.00,152.00,50000000
2020-09-11,MSFT,250.00,255.00,248.00,252.00,30000000
2020-09-11,FB,200.00,205.00,198.00,202.00,20000000
2020-09-11,DELIST_CORP,25.00,26.00,24.00,25.50,500000
2020-09-11,SPY,400.00,405.00,398.00,402.00,70000000
2020-09-14,AAPL,150.00,155.00,149.00,152.00,50000000
2020-09-14,MSFT,250.00,255.00,248.00,252.00,30000000
2020-09-14,FB,200.00,205.00,198.00,202.00,20000000
2020-09-14,DELIST_CORP,25.00,26.00,24.00,25.50,500000
2020-09-14,SPY,400.00,405.00,398.00,402.00,70000000
2020-09-15,AAPL,150.00,155.00,149.00,152.00,50000000
2020-09-15,MSFT,250.00,255.00,248.00,252.00,30000000
2020-09-15,FB,200.00,205.00,198.00,202.00,20000000
2020-09-15,DELIST_CORP,25.00,26.00,24.00,25.50,500000
2020-09-15,SPY,400.00,405.00,398.00,402.00,70000000
2020-09-16,AAPL,150.00,155.00,149.00,152.00,50000000
2020-09-16,MSFT,250.00,255.00,248.00,252.00,30000000
2020-09-16,FB,200.00,205.00,198.00,202.00,20000000
2020-09-16,DELIST_CORP,25.00,26.00,24.00,25.50,500000
2020-09-16,SPY,400.00,405.00,398.00,402.00,70000000
2020-09-17,AAPL,150.00,155.00,149.00,152.00,50000000
2020-09-17,MSFT,250.00,255.00,248.00,252.00,30000000
2020-09-17,FB,200.00,205.00,198.00,202.00,20000000
2020-09-17,DELIST_CORP,25.00,26.00,24.00,25.50,500000
2020-09-17,SPY,400.00,405.00,398.00,402.00,70000000
2020-09-18,AAPL,150.00,155.00,149.00,152.00,50000000
2020-09-18,MSFT,250.00,255.00,248.00,252.00,30000000
2020-09-18,FB,200.00,205.00,198.00,202.00,20000000
2020-09-18,DELIST_CORP,25.00,26.00,24.00,25.50,500000
2020-09-18,SPY,400.00,405.00,398.00,402.00,70000000
2020-09-21,AAPL,150.00,155.00,149.00,152.00,50000000
2020-09-21,MSFT,250.00,255.00,248.00,252.00,30000000
2020-09-21,FB,200.00,205.00,198.00,202.00,20000000
2020-09-21,DELIST_CORP,25.00,26.00,24.00,25.50,500000
2020-09-21,SPY,400.00,405.00,398.00,402.00,70000000
2020-09-22,AAPL,150.00,155.00,149.00,152.00,50000000
2020-09-22,MSFT,250.00,255.00,248.00,252.00,30000000
2020-09-22,FB,200.00,205.00,198.00,202.00,20000000
2020-09-22,DELIST_CORP,25.00,26.00,24.00,25.50,500000
2020-09-22,SPY,400.00,405.00,398.00,402.00,70000000
2020-09-23,AAPL,150.00,155.00,149.00,152.00,50000000
2020-09-23,MSFT,250.00,255.00,248.00,252.00,30000000
2020-09-23,FB,200.00,205.00,198.00,202.00,20000000
2020-09-23,DELIST_CORP,25.00,26.00,24.00,25.50,500000
2020-09-23,SPY,400.00,405.00,398.00,402.00,70000000
2020-09-24,AAPL,150.00,155.00,149.00,152.00,50000000
2020-09-24,MSFT,250.00,255.00,248.00,252.00,30000000
2020-09-24,FB,200.00,205.00,198.00,202.00,20000000
2020-09-24,DELIST_CORP,25.00,26.00,24.00,25.50,500000
2020-09-24,SPY,400.00,405.00,398.00,402.00,70000000
2020-09-25,AAPL,150.00,155.00,149.00,152.00,50000000
2020-09-25,MSFT,250.00,255.00,248.00,252.00,30000000
2020-09-25,FB,200.00,205.00,198.00,202.00,20000000
2020-09-25,DELIST_CORP,25.00,26.00,24.00,25.50,500000
2020-09-25,SPY,400.00,405.00,398.00,402.00,70000000
2020-09-28,AAPL,150.00,155.00,149.00,152.00,50000000
2020-09-28,MSFT,250.00,255.00,248.00,252.00,30000000
2020-09-28,FB,200.00,205.00,198.00,202.00,20000000
2020-09-28,DELIST_CORP,25.00,26.00,24.00,25.50,500000
2020-09-28,SPY,400.00,405.00,398.00,402.00,70000000
2020-09-29,AAPL,150.00,155.00,149.00,152.00,50000000
2020-09-29,MSFT,250.00,255.00,248.00,252.00,30000000
2020-09-29,FB,200.00,205.00,198.00,202.00,20000000
2020-09-29,DELIST_CORP,25.00,26.00,24.00,25.50,500000
2020-09-29,SPY,400.00,405.00,398.00,402.00,70000000
2020-09-30,AAPL,150.00,155.00,149.00,152.00,50000000
2020-09-30,MSFT,250.00,255.00,248.00,252.00,30000000
2020-09-30,FB,200.00,205.00,198.00,202.00,20000000
2020-09-30,DELIST_CORP,25.00,26.00,24.00,25.50,500000
2020-09-30,SPY,400.00,405.00,398.00,402.00,70000000
2020-10-01,AAPL,150.00,155.00,149.00,152.00,50000000
2020-10-01,MSFT,250.00,255.00,248.00,252.00,30000000
2020-10-01,FB,200.00,205.00,198.00,202.00,20000000
2020-10-01,DELIST_CORP,25.00,26.00,24.00,25.50,500000
2020-10-01,SPY,400.00,405.00,398.00,402.00,70000000
2020-10-02,AAPL,150.00,155.00,149.00,152.00,50000000
2020-10-02,MSFT,250.00,255.00,248.00,252.00,30000000
2020-10-02,FB,200.00,205.00,198.00,202.00,20000000
2020-10-02,DELIST_CORP,25.00,26.00,24.00,25.50,500000
2020-10-02,SPY,400.00,405.00,398.00,402.00,70000000
2020-10-05,AAPL,150.00,155.00,149.00,152.00,50000000
2020-10-05,MSFT,250.00,255.00,248.00,252.00,30000000
2020-10-05,FB,200.00,205.00,198.00,202.00,20000000
2020-10-05,DELIST_CORP,25.00,26.00,24.00,25.50,500000
2020-10-05,SPY,400.00,405.00,398.00,402.00,70000000
2020-10-06,AAPL,150.00,155.00,149.00,152.00,50000000
2020-10-06,MSFT,250.00,255.00,248.00,252.00,30000000
2020-10-06,FB,200.00,205.00,198.00,202.00,20000000
2020-10-06,DELIST_CORP,25.00,26.00,24.00,25.50,500000
2020-10-06,SPY,400.00,405.00,398.00,402.00,70000000
2020-10-07,AAPL,150.00,155.00,149.00,152.00,50000000
2020-10-07,MSFT,250.00,255.00,248.00,252.00,30000000
2020-10-07,FB,200.00,205.00,198.00,202.00,20000000
2020-10-07,DELIST_CORP,25.00,26.00,24.00,25.50,500000
2020-10-07,SPY,400.00,405.00,398.00,402.00,70000000
2020-10-08,AAPL,150.00,155.00,149.00,152.00,50000000
2020-10-08,MSFT,250.00,255.00,248.00,252.00,30000000
2020-10-08,FB,200.00,205.00,198.00,202.00,20000000
2020-10-08,DELIST_CORP,25.00,26.00,24.00,25.50,500000
2020-10-08,SPY,400.00,405.00,398.00,402.00,70000000
2020-10-09,AAPL,150.00,155.00,149.00,152.00,50000000
2020-10-09,MSFT,250.00,255.00,248.00,252.00,30000000
2020-10-09,FB,200.00,205.00,198.00,202.00,20000000
2020-10-09,DELIST_CORP,25.00,26.00,24.00,25.50,500000
2020-10-09,SPY,400.00,405.00,398.00,402.00,70000000
2020-10-12,AAPL,150.00,155.00,149.00,152.00,50000000
2020-10-12,MSFT,250.00,255.00,248.00,252.00,30000000
2020-10-12,FB,200.00,205.00,198.00,202.00,20000000
2020-10-12,DELIST_CORP,25.00,26.00,24.00,25.50,500000
2020-10-12,SPY,400.00,405.00,398.00,402.00,70000000
2020-10-13,AAPL,150.00,155.00,149.00,152.00,50000000
2020-10-13,MSFT,250.00,255.00,248.00,252.00,30000000
2020-10-13,FB,200.00,205.00,198.00,202.00,20000000
2020-10-13,DELIST_CORP,25.00,26.00,24.00,25.50,500000
2020-10-13,SPY,400.00,405.00,398.00,402.00,70000000
2020-10-14,AAPL,150.00,155.00,149.00,152.00,50000000
2020-10-14,MSFT,250.00,255.00,248.00,252.00,30000000
2020-10-14,FB,200.00,205.00,198.00,202.00,20000000
2020-10-14,DELIST_CORP,25.00,26.00,24.00,25.50,500000
2020-10-14,SPY,400.00,405.00,398.00,402.00,70000000
2020-10-15,AAPL,150.00,155.00,149.00,152.00,50000000
2020-10-15,MSFT,250.00,255.00,248.00,252.00,30000000
2020-10-15,FB,200.00,205.00,198.00,202.00,20000000
2020-10-15,DELIST_CORP,25.00,26.00,24.00,25.50,500000
2020-10-15,SPY,400.00,405.00,398.00,402.00,70000000
2020-10-16,AAPL,150.00,155.00,149.00,152.00,50000000
2020-10-16,MSFT,250.00,255.00,248.00,252.00,30000000
2020-10-16,FB,200.00,205.00,198.00,202.00,20000000
2020-10-16,DELIST_CORP,25.00,26.00,24.00,25.50,500000
2020-10-16,SPY,400.00,405.00,398.00,402.00,70000000
2020-10-19,AAPL,150.00,155.00,149.00,152.00,50000000
2020-10-19,MSFT,250.00,255.00,248.00,252.00,30000000
2020-10-19,FB,200.00,205.00,198.00,202.00,20000000
2020-10-19,DELIST_CORP,25.00,26.00,24.00,25.50,500000
2020-10-19,SPY,400.00,405.00,398.00,402.00,70000000
2020-10-20,AAPL,150.00,155.00,149.00,152.00,50000000
2020-10-20,MSFT,250.00,255.00,248.00,252.00,30000000
2020-10-20,FB,200.00,205.00,198.00,202.00,20000000
2020-10-20,DELIST_CORP,25.00,26.00,24.00,25.50,500000
2020-10-20,SPY,400.00,405.00,398.00,402.00,70000000
2020-10-21,AAPL,150.00,155.00,149.00,152.00,50000000
2020-10-21,MSFT,250.00,255.00,248.00,252.00,30000000
2020-10-21,FB,200.00,205.00,198.00,202.00,20000000
2020-10-21,DELIST_CORP,25.00,26.00,24.00,25.50,500000
2020-10-21,SPY,400.00,405.00,398.00,402.00,70000000
2020-10-22,AAPL,150.00,155.00,149.00,152.00,50000000
2020-10-22,MSFT,250.00,255.00,248.00,252.00,30000000
2020-10-22,FB,200.00,205.00,198.00,202.00,20000000
2020-10-22,DELIST_CORP,25.00,26.00,24.00,25.50,500000
2020-10-22,SPY,400.00,405.00,398.00,402.00,70000000
2020-10-23,AAPL,150.00,155.00,149.00,152.00,50000000
2020-10-23,MSFT,250.00,255.00,248.00,252.00,30000000
2020-10-23,FB,200.00,205.00,198.00,202.00,20000000
2020-10-23,DELIST_CORP,25.00,26.00,24.00,25.50,500000
2020-10-23,SPY,400.00,405.00,398.00,402.00,70000000
2020-10-26,AAPL,150.00,155.00,149.00,152.00,50000000
2020-10-26,MSFT,250.00,255.00,248.00,252.00,30000000
2020-10-26,FB,200.00,205.00,198.00,202.00,20000000
2020-10-26,DELIST_CORP,25.00,26.00,24.00,25.50,500000
2020-10-26,SPY,400.00,405.00,398.00,402.00,70000000
2020-10-27,AAPL,150.00,155.00,149.00,152.00,50000000
2020-10-27,MSFT,250.00,255.00,248.00,252.00,30000000
2020-10-27,FB,200.00,205.00,198.00,202.00,20000000
2020-10-27,DELIST_CORP,25.00,26.00,24.00,25.50,500000
2020-10-27,SPY,400.00,405.00,398.00,402.00,70000000
2020-10-28,AAPL,150.00,155.00,149.00,152.00,50000000
2020-10-28,MSFT,250.00,255.00,248.00,252.00,30000000
2020-10-28,FB,200.00,205.00,198.00,202.00,20000000
2020-10-28,DELIST_CORP,25.00,26.00,24.00,25.50,500000
2020-10-28,SPY,400.00,405.00,398.00,402.00,70000000
2020-10-29,AAPL,150.00,155.00,149.00,152.00,50000000
2020-10-29,MSFT,250.00,255.00,248.00,252.00,30000000
2020-10-29,FB,200.00,205.00,198.00,202.00,20000000
2020-10-29,DELIST_CORP,25.00,26.00,24.00,25.50,500000
2020-10-29,SPY,400.00,405.00,398.00,402.00,70000000
2020-10-30,AAPL,150.00,155.00,149.00,152.00,50000000
2020-10-30,MSFT,250.00,255.00,248.00,252.00,30000000
2020-10-30,FB,200.00,205.00,198.00,202.00,20000000
2020-10-30,DELIST_CORP,25.00,26.00,24.00,25.50,500000
2020-10-30,SPY,400.00,405.00,398.00,402.00,70000000
2020-11-02,AAPL,150.00,155.00,149.00,152.00,50000000
2020-11-02,MSFT,250.00,255.00,248.00,252.00,30000000
2020-11-02,FB,200.00,205.00,198.00,202.00,20000000
2020-11-02,DELIST_CORP,25.00,26.00,24.00,25.50,500000
2020-11-02,SPY,400.00,405.00,398.00,402.00,70000000
2020-11-03,AAPL,150.00,155.00,149.00,152.00,50000000
2020-11-03,MSFT,250.00,255.00,248.00,252.00,30000000
2020-11-03,FB,200.00,205.00,198.00,202.00,20000000
2020-11-03,DELIST_CORP,25.00,26.00,24.00,25.50,500000
2020-11-03,SPY,400.00,405.00,398.00,402.00,70000000
2020-11-04,AAPL,150.00,155.00,149.00,152.00,50000000
2020-11-04,MSFT,250.00,255.00,248.00,252.00,30000000
2020-11-04,FB,200.00,205.00,198.00,202.00,20000000
2020-11-04,DELIST_CORP,25.00,26.00,24.00,25.50,500000
2020-11-04,SPY,400.00,405.00,398.00,402.00,70000000
2020-11-05,AAPL,150.00,155.00,149.00,152.00,50000000
2020-11-05,MSFT,250.00,255.00,248.00,252.00,30000000
2020-11-05,FB,200.00,205.00,198.00,202.00,20000000
2020-11-05,DELIST_CORP,25.00,26.00,24.00,25.50,500000
2020-11-05,SPY,400.00,405.00,398.00,402.00,70000000
2020-11-06,AAPL,150.00,155.00,149.00,152.00,50000000
2020-11-06,MSFT,250.00,255.00,248.00,252.00,30000000
2020-11-06,FB,200.00,205.00,198.00,202.00,20000000
2020-11-06,DELIST_CORP,25.00,26.00,24.00,25.50,500000
2020-11-06,SPY,400.00,405.00,398.00,402.00,70000000
2020-11-09,AAPL,150.00,155.00,149.00,152.00,50000000
2020-11-09,MSFT,250.00,255.00,248.00,252.00,30000000
2020-11-09,FB,200.00,205.00,198.00,202.00,20000000
2020-11-09,DELIST_CORP,25.00,26.00,24.00,25.50,500000
2020-11-09,SPY,400.00,405.00,398.00,402.00,70000000
2020-11-10,AAPL,150.00,155.00,149.00,152.00,50000000
2020-11-10,MSFT,250.00,255.00,248.00,252.00,30000000
2020-11-10,FB,200.00,205.00,198.00,202.00,20000000
2020-11-10,DELIST_CORP,25.00,26.00,24.00,25.50,500000
2020-11-10,SPY,400.00,405.00,398.00,402.00,70000000
2020-11-11,AAPL,150.00,155.00,149.00,152.00,50000000
2020-11-11,MSFT,250.00,255.00,248.00,252.00,30000000
2020-11-11,FB,200.00,205.00,198.00,202.00,20000000
2020-11-11,DELIST_CORP,25.00,26.00,24.00,25.50,500000
2020-11-11,SPY,400.00,405.00,398.00,402.00,70000000
2020-11-12,AAPL,150.00,155.00,149.00,152.00,50000000
2020-11-12,MSFT,250.00,255.00,248.00,252.00,30000000
2020-11-12,FB,200.00,205.00,198.00,202.00,20000000
2020-11-12,DELIST_CORP,25.00,26.00,24.00,25.50,500000
2020-11-12,SPY,400.00,405.00,398.00,402.00,70000000
2020-11-13,AAPL,150.00,155.00,149.00,152.00,50000000
2020-11-13,MSFT,250.00,255.00,248.00,252.00,30000000
2020-11-13,FB,200.00,205.00,198.00,202.00,20000000
2020-11-13,DELIST_CORP,25.00,26.00,24.00,25.50,500000
2020-11-13,SPY,400.00,405.00,398.00,402.00,70000000
2020-11-16,AAPL,150.00,155.00,149.00,152.00,50000000
2020-11-16,MSFT,250.00,255.00,248.00,252.00,30000000
2020-11-16,FB,200.00,205.00,198.00,202.00,20000000
2020-11-16,DELIST_CORP,25.00,26.00,24.00,25.50,500000
2020-11-16,SPY,400.00,405.00,398.00,402.00,70000000
2020-11-17,AAPL,150.00,155.00,149.00,152.00,50000000
2020-11-17,MSFT,250.00,255.00,248.00,252.00,30000000
2020-11-17,FB,200.00,205.00,198.00,202.00,20000000
2020-11-17,DELIST_CORP,25.00,26.00,24.00,25.50,500000
2020-11-17,SPY,400.00,405.00,398.00,402.00,70000000
2020-11-18,AAPL,150.00,155.00,149.00,152.00,50000000
2020-11-18,MSFT,250.00,255.00,248.00,252.00,30000000
2020-11-18,FB,200.00,205.00,198.00,202.00,20000000
2020-11-18,DELIST_CORP,25.00,26.00,24.00,25.50,500000
2020-11-18,SPY,400.00,405.00,398.00,402.00,70000000
2020-11-19,AAPL,150.00,155.00,149.00,152.00,50000000
2020-11-19,MSFT,250.00,255.00,248.00,252.00,30000000
2020-11-19,FB,200.00,205.00,198.00,202.00,20000000
2020-11-19,DELIST_CORP,25.00,26.00,24.00,25.50,500000
2020-11-19,SPY,400.00,405.00,398.00,402.00,70000000
2020-11-20,AAPL,150.00,155.00,149.00,152.00,50000000
2020-11-20,MSFT,250.00,255.00,248.00,252.00,30000000
2020-11-20,FB,200.00,205.00,198.00,202.00,20000000
2020-11-20,DELIST_CORP,25.00,26.00,24.00,25.50,500000
2020-11-20,SPY,400.00,405.00,398.00,402.00,70000000
2020-11-23,AAPL,150.00,155.00,149.00,152.00,50000000
2020-11-23,MSFT,250.00,255.00,248.00,252.00,30000000
2020-11-23,FB,200.00,205.00,198.00,202.00,20000000
2020-11-23,DELIST_CORP,25.00,26.00,24.00,25.50,500000
2020-11-23,SPY,400.00,405.00,398.00,402.00,70000000
2020-11-24,AAPL,150.00,155.00,149.00,152.00,50000000
2020-11-24,MSFT,250.00,255.00,248.00,252.00,30000000
2020-11-24,FB,200.00,205.00,198.00,202.00,20000000
2020-11-24,DELIST_CORP,25.00,26.00,24.00,25.50,500000
2020-11-24,SPY,400.00,405.00,398.00,402.00,70000000
2020-11-25,AAPL,150.00,155.00,149.00,152.00,50000000
2020-11-25,MSFT,250.00,255.00,248.00,252.00,30000000
2020-11-25,FB,200.00,205.00,198.00,202.00,20000000
2020-11-25,DELIST_CORP,25.00,26.00,24.00,25.50,500000
2020-11-25,SPY,400.00,405.00,398.00,402.00,70000000
2020-11-26,AAPL,150.00,155.00,149.00,152.00,50000000
2020-11-26,MSFT,250.00,255.00,248.00,252.00,30000000
2020-11-26,FB,200.00,205.00,198.00,202.00,20000000
2020-11-26,DELIST_CORP,25.00,26.00,24.00,25.50,500000
2020-11-26,SPY,400.00,405.00,398.00,402.00,70000000
2020-11-27,AAPL,150.00,155.00,149.00,152.00,50000000
2020-11-27,MSFT,250.00,255.00,248.00,252.00,30000000
2020-11-27,FB,200.00,205.00,198.00,202.00,20000000
2020-11-27,DELIST_CORP,25.00,26.00,24.00,25.50,500000
2020-11-27,SPY,400.00,405.00,398.00,402.00,70000000
2020-11-30,AAPL,150.00,155.00,149.00,152.00,50000000
2020-11-30,MSFT,250.00,255.00,248.00,252.00,30000000
2020-11-30,FB,200.00,205.00,198.00,202.00,20000000
2020-11-30,DELIST_CORP,25.00,26.00,24.00,25.50,500000
2020-11-30,SPY,400.00,405.00,398.00,402.00,70000000
2020-12-01,AAPL,150.00,155.00,149.00,152.00,50000000
2020-12-01,MSFT,250.00,255.00,248.00,252.00,30000000
2020-12-01,FB,200.00,205.00,198.00,202.00,20000000
2020-12-01,DELIST_CORP,25.00,26.00,24.00,25.50,500000
2020-12-01,SPY,400.00,405.00,398.00,402.00,70000000
2020-12-02,AAPL,150.00,155.00,149.00,152.00,50000000
2020-12-02,MSFT,250.00,255.00,248.00,252.00,30000000
2020-12-02,FB,200.00,205.00,198.00,202.00,20000000
2020-12-02,DELIST_CORP,25.00,26.00,24.00,25.50,500000
2020-12-02,SPY,400.00,405.00,398.00,402.00,70000000
2020-12-03,AAPL,150.00,155.00,149.00,152.00,50000000
2020-12-03,MSFT,250.00,255.00,248.00,252.00,30000000
2020-12-03,FB,200.00,205.00,198.00,202.00,20000000
2020-12-03,DELIST_CORP,25.00,26.00,24.00,25.50,500000
2020-12-03,SPY,400.00,405.00,398.00,402.00,70000000
2020-12-04,AAPL,150.00,155.00,149.00,152.00,50000000
2020-12-04,MSFT,250.00,255.00,248.00,252.00,30000000
2020-12-04,FB,200.00,205.00,198.00,202.00,20000000
2020-12-04,DELIST_CORP,25.00,26.00,24.00,25.50,500000
2020-12-04,SPY,400.00,405.00,398.00,402.00,70000000
2020-12-07,AAPL,150.00,155.00,149.00,152.00,50000000
2020-12-07,MSFT,250.00,255.00,248.00,252.00,30000000
2020-12-07,FB,200.00,205.00,198.00,202.00,20000000
2020-12-07,DELIST_CORP,25.00,26.00,24.00,25.50,500000
2020-12-07,SPY,400.00,405.00,398.00,402.00,70000000
2020-12-08,AAPL,150.00,155.00,149.00,152.00,50000000
2020-12-08,MSFT,250.00,255.00,248.00,252.00,30000000
2020-12-08,FB,200.00,205.00,198.00,202.00,20000000
2020-12-08,DELIST_CORP,25.00,26.00,24.00,25.50,500000
2020-12-08,SPY,400.00,405.00,398.00,402.00,70000000
2020-12-09,AAPL,150.00,155.00,149.00,152.00,50000000
2020-12-09,MSFT,250.00,255.00,248.00,252.00,30000000
2020-12-09,FB,200.00,205.00,198.00,202.00,20000000
2020-12-09,DELIST_CORP,25.00,26.00,24.00,25.50,500000
2020-12-09,SPY,400.00,405.00,398.00,402.00,70000000
2020-12-10,AAPL,150.00,155.00,149.00,152.00,50000000
2020-12-10,MSFT,250.00,255.00,248.00,252.00,30000000
2020-12-10,FB,200.00,205.00,198.00,202.00,20000000
2020-12-10,DELIST_CORP,25.00,26.00,24.00,25.50,500000
2020-12-10,SPY,400.00,405.00,398.00,402.00,70000000
2020-12-11,AAPL,150.00,155.00,149.00,152.00,50000000
2020-12-11,MSFT,250.00,255.00,248.00,252.00,30000000
2020-12-11,FB,200.00,205.00,198.00,202.00,20000000
2020-12-11,DELIST_CORP,25.00,26.00,24.00,25.50,500000
2020-12-11,SPY,400.00,405.00,398.00,402.00,70000000
2020-12-14,AAPL,150.00,155.00,149.00,152.00,50000000
2020-12-14,MSFT,250.00,255.00,248.00,252.00,30000000
2020-12-14,FB,200.00,205.00,198.00,202.00,20000000
2020-12-14,DELIST_CORP,25.00,26.00,24.00,25.50,500000
2020-12-14,SPY,400.00,405.00,398.00,402.00,70000000
2020-12-15,AAPL,150.00,155.00,149.00,152.00,50000000
2020-12-15,MSFT,250.00,255.00,248.00,252.00,30000000
2020-12-15,FB,200.00,205.00,198.00,202.00,20000000
2020-12-15,DELIST_CORP,25.00,26.00,24.00,25.50,500000
2020-12-15,SPY,400.00,405.00,398.00,402.00,70000000
2020-12-16,AAPL,150.00,155.00,149.00,152.00,50000000
2020-12-16,MSFT,250.00,255.00,248.00,252.00,30000000
2020-12-16,FB,200.00,205.00,198.00,202.00,20000000
2020-12-16,DELIST_CORP,25.00,26.00,24.00,25.50,500000
2020-12-16,SPY,400.00,405.00,398.00,402.00,70000000
2020-12-17,AAPL,150.00,155.00,149.00,152.00,50000000
2020-12-17,MSFT,250.00,255.00,248.00,252.00,30000000
2020-12-17,FB,200.00,205.00,198.00,202.00,20000000
2020-12-17,DELIST_CORP,25.00,26.00,24.00,25.50,500000
2020-12-17,SPY,400.00,405.00,398.00,402.00,70000000
2020-12-18,AAPL,150.00,155.00,149.00,152.00,50000000
2020-12-18,MSFT,250.00,255.00,248.00,252.00,30000000
2020-12-18,FB,200.00,205.00,198.00,202.00,20000000
2020-12-18,DELIST_CORP,25.00,26.00,24.00,25.50,500000
2020-12-18,SPY,400.00,405.00,398.00,402.00,70000000
2020-12-21,AAPL,150.00,155.00,149.00,152.00,50000000
2020-12-21,MSFT,250.00,255.00,248.00,252.00,30000000
2020-12-21,FB,200.00,205.00,198.00,202.00,20000000
2020-12-21,DELIST_CORP,25.00,26.00,24.00,25.50,500000
2020-12-21,SPY,400.00,405.00,398.00,402.00,70000000
2020-12-22,AAPL,150.00,155.00,149.00,152.00,50000000
2020-12-22,MSFT,250.00,255.00,248.00,252.00,30000000
2020-12-22,FB,200.00,205.00,198.00,202.00,20000000
2020-12-22,DELIST_CORP,25.00,26.00,24.00,25.50,500000
2020-12-22,SPY,400.00,405.00,398.00,402.00,70000000
2020-12-23,AAPL,150.00,155.00,149.00,152.00,50000000
2020-12-23,MSFT,250.00,255.00,248.00,252.00,30000000
2020-12-23,FB,200.00,205.00,198.00,202.00,20000000
2020-12-23,DELIST_CORP,25.00,26.00,24.00,25.50,500000
2020-12-23,SPY,400.00,405.00,398.00,402.00,70000000
2020-12-24,AAPL,150.00,155.00,149.00,152.00,50000000
2020-12-24,MSFT,250.00,255.00,248.00,252.00,30000000
2020-12-24,FB,200.00,205.00,198.00,202.00,20000000
2020-12-24,DELIST_CORP,25.00,26.00,24.00,25.50,500000
2020-12-24,SPY,400.00,405.00,398.00,402.00,70000000
2020-12-25,AAPL,150.00,155.00,149.00,152.00,50000000
2020-12-25,MSFT,250.00,255.00,248.00,252.00,30000000
2020-12-25,FB,200.00,205.00,198.00,202.00,20000000
2020-12-25,DELIST_CORP,25.00,26.00,24.00,25.50,500000
2020-12-25,SPY,400.00,405.00,398.00,402.00,70000000
2020-12-28,AAPL,150.00,155.00,149.00,152.00,50000000
2020-12-28,MSFT,250.00,255.00,248.00,252.00,30000000
2020-12-28,FB,200.00,205.00,198.00,202.00,20000000
2020-12-28,DELIST_CORP,25.00,26.00,24.00,25.50,500000
2020-12-28,SPY,400.00,405.00,398.00,402.00,70000000
2020-12-29,AAPL,150.00,155.00,149.00,152.00,50000000
2020-12-29,MSFT,250.00,255.00,248.00,252.00,30000000
2020-12-29,FB,200.00,205.00,198.00,202.00,20000000
2020-12-29,DELIST_CORP,25.00,26.00,24.00,25.50,500000
2020-12-29,SPY,400.00,405.00,398.00,402.00,70000000
2020-12-30,AAPL,150.00,155.00,149.00,152.00,50000000
2020-12-30,MSFT,250.00,255.00,248.00,252.00,30000000
2020-12-30,FB,200.00,205.00,198.00,202.00,20000000
2020-12-30,DELIST_CORP,25.00,26.00,24.00,25.50,500000
2020-12-30,SPY,400.00,405.00,398.00,402.00,70000000
2020-12-31,AAPL,150.00,155.00,149.00,152.00,50000000
2020-12-31,MSFT,250.00,255.00,248.00,252.00,30000000
2020-12-31,FB,200.00,205.00,198.00,202.00,20000000
2020-12-31,DELIST_CORP,25.00,26.00,24.00,25.50,500000
2020-12-31,SPY,400.00,405.00,398.00,402.00,70000000
2021-01-01,AAPL,150.00,155.00,149.00,152.00,50000000
2021-01-01,MSFT,250.00,255.00,248.00,252.00,30000000
2021-01-01,FB,200.00,205.00,198.00,202.00,20000000
2021-01-01,DELIST_CORP,25.00,26.00,24.00,25.50,500000
2021-01-01,SPY,400.00,405.00,398.00,402.00,70000000
2021-01-04,AAPL,150.00,155.00,149.00,152.00,50000000
2021-01-04,MSFT,250.00,255.00,248.00,252.00,30000000
2021-01-04,FB,200.00,205.00,198.00,202.00,20000000
2021-01-04,DELIST_CORP,25.00,26.00,24.00,25.50,500000
2021-01-04,SPY,400.00,405.00,398.00,402.00,70000000
2021-01-05,AAPL,150.00,155.00,149.00,152.00,50000000
2021-01-05,MSFT,250.00,255.00,248.00,252.00,30000000
2021-01-05,FB,200.00,205.00,198.00,202.00,20000000
2021-01-05,DELIST_CORP,25.00,26.00,24.00,25.50,500000
2021-01-05,SPY,400.00,405.00,398.00,402.00,70000000
2021-01-06,AAPL,150.00,155.00,149.00,152.00,50000000
2021-01-06,MSFT,250.00,255.00,248.00,252.00,30000000
2021-01-06,FB,200.00,205.00,198.00,202.00,20000000
2021-01-06,DELIST_CORP,25.00,26.00,24.00,25.50,500000
2021-01-06,SPY,400.00,405.00,398.00,402.00,70000000
2021-01-07,AAPL,150.00,155.00,149.00,152.00,50000000
2021-01-07,MSFT,250.00,255.00,248.00,252.00,30000000
2021-01-07,FB,200.00,205.00,198.00,202.00,20000000
2021-01-07,DELIST_CORP,25.00,26.00,24.00,25.50,500000
2021-01-07,SPY,400.00,405.00,398.00,402.00,70000000
2021-01-08,AAPL,150.00,155.00,149.00,152.00,50000000
2021-01-08,MSFT,250.00,255.00,248.00,252.00,30000000
2021-01-08,FB,200.00,205.00,198.00,202.00,20000000
2021-01-08,DELIST_CORP,25.00,26.00,24.00,25.50,500000
2021-01-08,SPY,400.00,405.00,398.00,402.00,70000000
2021-01-11,AAPL,150.00,155.00,149.00,152.00,50000000
2021-01-11,MSFT,250.00,255.00,248.00,252.00,30000000
2021-01-11,FB,200.00,205.00,198.00,202.00,20000000
2021-01-11,DELIST_CORP,25.00,26.00,24.00,25.50,500000
2021-01-11,SPY,400.00,405.00,398.00,402.00,70000000
2021-01-12,AAPL,150.00,155.00,149.00,152.00,50000000
2021-01-12,MSFT,250.00,255.00,248.00,252.00,30000000
2021-01-12,FB,200.00,205.00,198.00,202.00,20000000
2021-01-12,DELIST_CORP,25.00,26.00,24.00,25.50,500000
2021-01-12,SPY,400.00,405.00,398.00,402.00,70000000
2021-01-13,AAPL,150.00,155.00,149.00,152.00,50000000
2021-01-13,MSFT,250.00,255.00,248.00,252.00,30000000
2021-01-13,FB,200.00,205.00,198.00,202.00,20000000
2021-01-13,DELIST_CORP,25.00,26.00,24.00,25.50,500000
2021-01-13,SPY,400.00,405.00,398.00,402.00,70000000
2021-01-14,AAPL,150.00,155.00,149.00,152.00,50000000
2021-01-14,MSFT,250.00,255.00,248.00,252.00,30000000
2021-01-14,FB,200.00,205.00,198.00,202.00,20000000
2021-01-14,DELIST_CORP,25.00,26.00,24.00,25.50,500000
2021-01-14,SPY,400.00,405.00,398.00,402.00,70000000
2021-01-15,AAPL,150.00,155.00,149.00,152.00,50000000
2021-01-15,MSFT,250.00,255.00,248.00,252.00,30000000
2021-01-15,FB,200.00,205.00,198.00,202.00,20000000
2021-01-15,DELIST_CORP,25.00,26.00,24.00,25.50,500000
2021-01-15,SPY,400.00,405.00,398.00,402.00,70000000
2021-01-18,AAPL,150.00,155.00,149.00,152.00,50000000
2021-01-18,MSFT,250.00,255.00,248.00,252.00,30000000
2021-01-18,FB,200.00,205.00,198.00,202.00,20000000
2021-01-18,DELIST_CORP,25.00,26.00,24.00,25.50,500000
2021-01-18,SPY,400.00,405.00,398.00,402.00,70000000
2021-01-19,AAPL,150.00,155.00,149.00,152.00,50000000
2021-01-19,MSFT,250.00,255.00,248.00,252.00,30000000
2021-01-19,FB,200.00,205.00,198.00,202.00,20000000
2021-01-19,DELIST_CORP,25.00,26.00,24.00,25.50,500000
2021-01-19,SPY,400.00,405.00,398.00,402.00,70000000
2021-01-20,AAPL,150.00,155.00,149.00,152.00,50000000
2021-01-20,MSFT,250.00,255.00,248.00,252.00,30000000
2021-01-20,FB,200.00,205.00,198.00,202.00,20000000
2021-01-20,DELIST_CORP,25.00,26.00,24.00,25.50,500000
2021-01-20,SPY,400.00,405.00,398.00,402.00,70000000
2021-01-21,AAPL,150.00,155.00,149.00,152.00,50000000
2021-01-21,MSFT,250.00,255.00,248.00,252.00,30000000
2021-01-21,FB,200.00,205.00,198.00,202.00,20000000
2021-01-21,DELIST_CORP,25.00,26.00,24.00,25.50,500000
2021-01-21,SPY,400.00,405.00,398.00,402.00,70000000
2021-01-22,AAPL,150.00,155.00,149.00,152.00,50000000
2021-01-22,MSFT,250.00,255.00,248.00,252.00,30000000
2021-01-22,FB,200.00,205.00,198.00,202.00,20000000
2021-01-22,DELIST_CORP,25.00,26.00,24.00,25.50,500000
2021-01-22,SPY,400.00,405.00,398.00,402.00,70000000
2021-01-25,AAPL,150.00,155.00,149.00,152.00,50000000
2021-01-25,MSFT,250.00,255.00,248.00,252.00,30000000
2021-01-25,FB,200.00,205.00,198.00,202.00,20000000
2021-01-25,DELIST_CORP,25.00,26.00,24.00,25.50,500000
2021-01-25,SPY,400.00,405.00,398.00,402.00,70000000
2021-01-26,AAPL,150.00,155.00,149.00,152.00,50000000
2021-01-26,MSFT,250.00,255.00,248.00,252.00,30000000
2021-01-26,FB,200.00,205.00,198.00,202.00,20000000
2021-01-26,DELIST_CORP,25.00,26.00,24.00,25.50,500000
2021-01-26,SPY,400.00,405.00,398.00,402.00,70000000
2021-01-27,AAPL,150.00,155.00,149.00,152.00,50000000
2021-01-27,MSFT,250.00,255.00,248.00,252.00,30000000
2021-01-27,FB,200.00,205.00,198.00,202.00,20000000
2021-01-27,DELIST_CORP,25.00,26.00,24.00,25.50,500000
2021-01-27,SPY,400.00,405.00,398.00,402.00,70000000
2021-01-28,AAPL,150.00,155.00,149.00,152.00,50000000
2021-01-28,MSFT,250.00,255.00,248.00,252.00,30000000
2021-01-28,FB,200.00,205.00,198.00,202.00,20000000
2021-01-28,DELIST_CORP,25.00,26.00,24.00,25.50,500000
2021-01-28,SPY,400.00,405.00,398.00,402.00,70000000
2021-01-29,AAPL,150.00,155.00,149.00,152.00,50000000
2021-01-29,MSFT,250.00,255.00,248.00,252.00,30000000
2021-01-29,FB,200.00,205.00,198.00,202.00,20000000
2021-01-29,DELIST_CORP,25.00,26.00,24.00,25.50,500000
2021-01-29,SPY,400.00,405.00,398.00,402.00,70000000
2021-02-01,AAPL,150.00,155.00,149.00,152.00,50000000
2021-02-01,MSFT,250.00,255.00,248.00,252.00,30000000
2021-02-01,FB,200.00,205.00,198.00,202.00,20000000
2021-02-01,DELIST_CORP,25.00,26.00,24.00,25.50,500000
2021-02-01,SPY,400.00,405.00,398.00,402.00,70000000
2021-02-02,AAPL,150.00,155.00,149.00,152.00,50000000
2021-02-02,MSFT,250.00,255.00,248.00,252.00,30000000
2021-02-02,FB,200.00,205.00,198.00,202.00,20000000
2021-02-02,DELIST_CORP,25.00,26.00,24.00,25.50,500000
2021-02-02,SPY,400.00,405.00,398.00,402.00,70000000
2021-02-03,AAPL,150.00,155.00,149.00,152.00,50000000
2021-02-03,MSFT,250.00,255.00,248.00,252.00,30000000
2021-02-03,FB,200.00,205.00,198.00,202.00,20000000
2021-02-03,DELIST_CORP,25.00,26.00,24.00,25.50,500000
2021-02-03,SPY,400.00,405.00,398.00,402.00,70000000
2021-02-04,AAPL,150.00,155.00,149.00,152.00,50000000
2021-02-04,MSFT,250.00,255.00,248.00,252.00,30000000
2021-02-04,FB,200.00,205.00,198.00,202.00,20000000
2021-02-04,DELIST_CORP,25.00,26.00,24.00,25.50,500000
2021-02-04,SPY,400.00,405.00,398.00,402.00,70000000
2021-02-05,AAPL,150.00,155.00,149.00,152.00,50000000
2021-02-05,MSFT,250.00,255.00,248.00,252.00,30000000
2021-02-05,FB,200.00,205.00,198.00,202.00,20000000
2021-02-05,DELIST_CORP,25.00,26.00,24.00,25.50,500000
2021-02-05,SPY,400.00,405.00,398.00,402.00,70000000
2021-02-08,AAPL,150.00,155.00,149.00,152.00,50000000
2021-02-08,MSFT,250.00,255.00,248.00,252.00,30000000
2021-02-08,FB,200.00,205.00,198.00,202.00,20000000
2021-02-08,DELIST_CORP,25.00,26.00,24.00,25.50,500000
2021-02-08,SPY,400.00,405.00,398.00,402.00,70000000
2021-02-09,AAPL,150.00,155.00,149.00,152.00,50000000
2021-02-09,MSFT,250.00,255.00,248.00,252.00,30000000
2021-02-09,FB,200.00,205.00,198.00,202.00,20000000
2021-02-09,DELIST_CORP,25.00,26.00,24.00,25.50,500000
2021-02-09,SPY,400.00,405.00,398.00,402.00,70000000
2021-02-10,AAPL,150.00,155.00,149.00,152.00,50000000
2021-02-10,MSFT,250.00,255.00,248.00,252.00,30000000
2021-02-10,FB,200.00,205.00,198.00,202.00,20000000
2021-02-10,DELIST_CORP,25.00,26.00,24.00,25.50,500000
2021-02-10,SPY,400.00,405.00,398.00,402.00,70000000
2021-02-11,AAPL,150.00,155.00,149.00,152.00,50000000
2021-02-11,MSFT,250.00,255.00,248.00,252.00,30000000
2021-02-11,FB,200.00,205.00,198.00,202.00,20000000
2021-02-11,DELIST_CORP,25.00,26.00,24.00,25.50,500000
2021-02-11,SPY,400.00,405.00,398.00,402.00,70000000
2021-02-12,AAPL,150.00,155.00,149.00,152.00,50000000
2021-02-12,MSFT,250.00,255.00,248.00,252.00,30000000
2021-02-12,FB,200.00,205.00,198.00,202.00,20000000
2021-02-12,DELIST_CORP,25.00,26.00,24.00,25.50,500000
2021-02-12,SPY,400.00,405.00,398.00,402.00,70000000
2021-02-15,AAPL,150.00,155.00,149.00,152.00,50000000
2021-02-15,MSFT,250.00,255.00,248.00,252.00,30000000
2021-02-15,FB,200.00,205.00,198.00,202.00,20000000
2021-02-15,DELIST_CORP,25.00,26.00,24.00,25.50,500000
2021-02-15,SPY,400.00,405.00,398.00,402.00,70000000
2021-02-16,AAPL,150.00,155.00,149.00,152.00,50000000
2021-02-16,MSFT,250.00,255.00,248.00,252.00,30000000
2021-02-16,FB,200.00,205.00,198.00,202.00,20000000
2021-02-16,DELIST_CORP,25.00,26.00,24.00,25.50,500000
2021-02-16,SPY,400.00,405.00,398.00,402.00,70000000
2021-02-17,AAPL,150.00,155.00,149.00,152.00,50000000
2021-02-17,MSFT,250.00,255.00,248.00,252.00,30000000
2021-02-17,FB,200.00,205.00,198.00,202.00,20000000
2021-02-17,DELIST_CORP,25.00,26.00,24.00,25.50,500000
2021-02-17,SPY,400.00,405.00,398.00,402.00,70000000
2021-02-18,AAPL,150.00,155.00,149.00,152.00,50000000
2021-02-18,MSFT,250.00,255.00,248.00,252.00,30000000
2021-02-18,FB,200.00,205.00,198.00,202.00,20000000
2021-02-18,DELIST_CORP,25.00,26.00,24.00,25.50,500000
2021-02-18,SPY,400.00,405.00,398.00,402.00,70000000
2021-02-19,AAPL,150.00,155.00,149.00,152.00,50000000
2021-02-19,MSFT,250.00,255.00,248.00,252.00,30000000
2021-02-19,FB,200.00,205.00,198.00,202.00,20000000
2021-02-19,DELIST_CORP,25.00,26.00,24.00,25.50,500000
2021-02-19,SPY,400.00,405.00,398.00,402.00,70000000
2021-02-22,AAPL,150.00,155.00,149.00,152.00,50000000
2021-02-22,MSFT,250.00,255.00,248.00,252.00,30000000
2021-02-22,FB,200.00,205.00,198.00,202.00,20000000
2021-02-22,DELIST_CORP,25.00,26.00,24.00,25.50,500000
2021-02-22,SPY,400.00,405.00,398.00,402.00,70000000
2021-02-23,AAPL,150.00,155.00,149.00,152.00,50000000
2021-02-23,MSFT,250.00,255.00,248.00,252.00,30000000
2021-02-23,FB,200.00,205.00,198.00,202.00,20000000
2021-02-23,DELIST_CORP,25.00,26.00,24.00,25.50,500000
2021-02-23,SPY,400.00,405.00,398.00,402.00,70000000
2021-02-24,AAPL,150.00,155.00,149.00,152.00,50000000
2021-02-24,MSFT,250.00,255.00,248.00,252.00,30000000
2021-02-24,FB,200.00,205.00,198.00,202.00,20000000
2021-02-24,DELIST_CORP,25.00,26.00,24.00,25.50,500000
2021-02-24,SPY,400.00,405.00,398.00,402.00,70000000
2021-02-25,AAPL,150.00,155.00,149.00,152.00,50000000
2021-02-25,MSFT,250.00,255.00,248.00,252.00,30000000
2021-02-25,FB,200.00,205.00,198.00,202.00,20000000
2021-02-25,DELIST_CORP,25.00,26.00,24.00,25.50,500000
2021-02-25,SPY,400.00,405.00,398.00,402.00,70000000
2021-02-26,AAPL,150.00,155.00,149.00,152.00,50000000
2021-02-26,MSFT,250.00,255.00,248.00,252.00,30000000
2021-02-26,FB,200.00,205.00,198.00,202.00,20000000
2021-02-26,DELIST_CORP,25.00,26.00,24.00,25.50,500000
2021-02-26,SPY,400.00,405.00,398.00,402.00,70000000
2021-03-01,AAPL,150.00,155.00,149.00,152.00,50000000
2021-03-01,MSFT,250.00,255.00,248.00,252.00,30000000
2021-03-01,FB,200.00,205.00,198.00,202.00,20000000
2021-03-01,DELIST_CORP,25.00,26.00,24.00,25.50,500000
2021-03-01,SPY,400.00,405.00,398.00,402.00,70000000
2021-03-02,AAPL,150.00,155.00,149.00,152.00,50000000
2021-03-02,MSFT,250.00,255.00,248.00,252.00,30000000
2021-03-02,FB,200.00,205.00,198.00,202.00,20000000
2021-03-02,DELIST_CORP,25.00,26.00,24.00,25.50,500000
2021-03-02,SPY,400.00,405.00,398.00,402.00,70000000
2021-03-03,AAPL,150.00,155.00,149.00,152.00,50000000
2021-03-03,MSFT,250.00,255.00,248.00,252.00,30000000
2021-03-03,FB,200.00,205.00,198.00,202.00,20000000
2021-03-03,DELIST_CORP,25.00,26.00,24.00,25.50,500000
2021-03-03,SPY,400.00,405.00,398.00,402.00,70000000
2021-03-04,AAPL,150.00,155.00,149.00,152.00,50000000
2021-03-04,MSFT,250.00,255.00,248.00,252.00,30000000
2021-03-04,FB,200.00,205.00,198.00,202.00,20000000
2021-03-04,DELIST_CORP,25.00,26.00,24.00,25.50,500000
2021-03-04,SPY,400.00,405.00,398.00,402.00,70000000
2021-03-05,AAPL,150.00,155.00,149.00,152.00,50000000
2021-03-05,MSFT,250.00,255.00,248.00,252.00,30000000
2021-03-05,FB,200.00,205.00,198.00,202.00,20000000
2021-03-05,DELIST_CORP,25.00,26.00,24.00,25.50,500000
2021-03-05,SPY,400.00,405.00,398.00,402.00,70000000
2021-03-08,AAPL,150.00,155.00,149.00,152.00,50000000
2021-03-08,MSFT,250.00,255.00,248.00,252.00,30000000
2021-03-08,FB,200.00,205.00,198.00,202.00,20000000
2021-03-08,DELIST_CORP,25.00,26.00,24.00,25.50,500000
2021-03-08,SPY,400.00,405.00,398.00,402.00,70000000
2021-03-09,AAPL,150.00,155.00,149.00,152.00,50000000
2021-03-09,MSFT,250.00,255.00,248.00,252.00,30000000
2021-03-09,FB,200.00,205.00,198.00,202.00,20000000
2021-03-09,DELIST_CORP,25.00,26.00,24.00,25.50,500000
2021-03-09,SPY,400.00,405.00,398.00,402.00,70000000
2021-03-10,AAPL,150.00,155.00,149.00,152.00,50000000
2021-03-10,MSFT,250.00,255.00,248.00,252.00,30000000
2021-03-10,FB,200.00,205.00,198.00,202.00,20000000
2021-03-10,DELIST_CORP,25.00,26.00,24.00,25.50,500000
2021-03-10,SPY,400.00,405.00,398.00,402.00,70000000
2021-03-11,AAPL,150.00,155.00,149.00,152.00,50000000
2021-03-11,MSFT,250.00,255.00,248.00,252.00,30000000
2021-03-11,FB,200.00,205.00,198.00,202.00,20000000
2021-03-11,DELIST_CORP,25.00,26.00,24.00,25.50,500000
2021-03-11,SPY,400.00,405.00,398.00,402.00,70000000
2021-03-12,AAPL,150.00,155.00,149.00,152.00,50000000
2021-03-12,MSFT,250.00,255.00,248.00,252.00,30000000
2021-03-12,FB,200.00,205.00,198.00,202.00,20000000
2021-03-12,DELIST_CORP,25.00,26.00,24.00,25.50,500000
2021-03-12,SPY,400.00,405.00,398.00,402.00,70000000
2021-03-15,AAPL,150.00,155.00,149.00,152.00,50000000
2021-03-15,MSFT,250.00,255.00,248.00,252.00,30000000
2021-03-15,FB,200.00,205.00,198.00,202.00,20000000
2021-03-15,DELIST_CORP,25.00,26.00,24.00,25.50,500000
2021-03-15,SPY,400.00,405.00,398.00,402.00,70000000
2021-03-16,AAPL,150.00,155.00,149.00,152.00,50000000
2021-03-16,MSFT,250.00,255.00,248.00,252.00,30000000
2021-03-16,FB,200.00,205.00,198.00,202.00,20000000
2021-03-16,DELIST_CORP,25.00,26.00,24.00,25.50,500000
2021-03-16,SPY,400.00,405.00,398.00,402.00,70000000
2021-03-17,AAPL,150.00,155.00,149.00,152.00,50000000
2021-03-17,MSFT,250.00,255.00,248.00,252.00,30000000
2021-03-17,FB,200.00,205.00,198.00,202.00,20000000
2021-03-17,DELIST_CORP,25.00,26.00,24.00,25.50,500000
2021-03-17,SPY,400.00,405.00,398.00,402.00,70000000
2021-03-18,AAPL,150.00,155.00,149.00,152.00,50000000
2021-03-18,MSFT,250.00,255.00,248.00,252.00,30000000
2021-03-18,FB,200.00,205.00,198.00,202.00,20000000
2021-03-18,DELIST_CORP,25.00,26.00,24.00,25.50,500000
2021-03-18,SPY,400.00,405.00,398.00,402.00,70000000
2021-03-19,AAPL,150.00,155.00,149.00,152.00,50000000
2021-03-19,MSFT,250.00,255.00,248.00,252.00,30000000
2021-03-19,FB,200.00,205.00,198.00,202.00,20000000
2021-03-19,DELIST_CORP,25.00,26.00,24.00,25.50,500000
2021-03-19,SPY,400.00,405.00,398.00,402.00,70000000
2021-03-22,AAPL,150.00,155.00,149.00,152.00,50000000
2021-03-22,MSFT,250.00,255.00,248.00,252.00,30000000
2021-03-22,FB,200.00,205.00,198.00,202.00,20000000
2021-03-22,DELIST_CORP,25.00,26.00,24.00,25.50,500000
2021-03-22,SPY,400.00,405.00,398.00,402.00,70000000
2021-03-23,AAPL,150.00,155.00,149.00,152.00,50000000
2021-03-23,MSFT,250.00,255.00,248.00,252.00,30000000
2021-03-23,FB,200.00,205.00,198.00,202.00,20000000
2021-03-23,DELIST_CORP,25.00,26.00,24.00,25.50,500000
2021-03-23,SPY,400.00,405.00,398.00,402.00,70000000
2021-03-24,AAPL,150.00,155.00,149.00,152.00,50000000
2021-03-24,MSFT,250.00,255.00,248.00,252.00,30000000
2021-03-24,FB,200.00,205.00,198.00,202.00,20000000
2021-03-24,DELIST_CORP,25.00,26.00,24.00,25.50,500000
2021-03-24,SPY,400.00,405.00,398.00,402.00,70000000
2021-03-25,AAPL,150.00,155.00,149.00,152.00,50000000
2021-03-25,MSFT,250.00,255.00,248.00,252.00,30000000
2021-03-25,FB,200.00,205.00,198.00,202.00,20000000
2021-03-25,DELIST_CORP,25.00,26.00,24.00,25.50,500000
2021-03-25,SPY,400.00,405.00,398.00,402.00,70000000
2021-03-26,AAPL,150.00,155.00,149.00,152.00,50000000
2021-03-26,MSFT,250.00,255.00,248.00,252.00,30000000
2021-03-26,FB,200.00,205.00,198.00,202.00,20000000
2021-03-26,DELIST_CORP,25.00,26.00,24.00,25.50,500000
2021-03-26,SPY,400.00,405.00,398.00,402.00,70000000
2021-03-29,AAPL,150.00,155.00,149.00,152.00,50000000
2021-03-29,MSFT,250.00,255.00,248.00,252.00,30000000
2021-03-29,FB,200.00,205.00,198.00,202.00,20000000
2021-03-29,DELIST_CORP,25.00,26.00,24.00,25.50,500000
2021-03-29,SPY,400.00,405.00,398.00,402.00,70000000
2021-03-30,AAPL,150.00,155.00,149.00,152.00,50000000
2021-03-30,MSFT,250.00,255.00,248.00,252.00,30000000
2021-03-30,FB,200.00,205.00,198.00,202.00,20000000
2021-03-30,DELIST_CORP,25.00,26.00,24.00,25.50,500000
2021-03-30,SPY,400.00,405.00,398.00,402.00,70000000
2021-03-31,AAPL,150.00,155.00,149.00,152.00,50000000
2021-03-31,MSFT,250.00,255.00,248.00,252.00,30000000
2021-03-31,FB,200.00,205.00,198.00,202.00,20000000
2021-03-31,DELIST_CORP,25.00,26.00,24.00,25.50,500000
2021-03-31,SPY,400.00,405.00,398.00,402.00,70000000
2021-04-01,AAPL,150.00,155.00,149.00,152.00,50000000
2021-04-01,MSFT,250.00,255.00,248.00,252.00,30000000
2021-04-01,FB,200.00,205.00,198.00,202.00,20000000
2021-04-01,DELIST_CORP,25.00,26.00,24.00,25.50,500000
2021-04-01,SPY,400.00,405.00,398.00,402.00,70000000
2021-04-02,AAPL,150.00,155.00,149.00,152.00,50000000
2021-04-02,MSFT,250.00,255.00,248.00,252.00,30000000
2021-04-02,FB,200.00,205.00,198.00,202.00,20000000
2021-04-02,DELIST_CORP,25.00,26.00,24.00,25.50,500000
2021-04-02,SPY,400.00,405.00,398.00,402.00,70000000
2021-04-05,AAPL,150.00,155.00,149.00,152.00,50000000
2021-04-05,MSFT,250.00,255.00,248.00,252.00,30000000
2021-04-05,FB,200.00,205.00,198.00,202.00,20000000
2021-04-05,DELIST_CORP,25.00,26.00,24.00,25.50,500000
2021-04-05,SPY,400.00,405.00,398.00,402.00,70000000
2021-04-06,AAPL,150.00,155.00,149.00,152.00,50000000
2021-04-06,MSFT,250.00,255.00,248.00,252.00,30000000
2021-04-06,FB,200.00,205.00,198.00,202.00,20000000
2021-04-06,DELIST_CORP,25.00,26.00,24.00,25.50,500000
2021-04-06,SPY,400.00,405.00,398.00,402.00,70000000
2021-04-07,AAPL,150.00,155.00,149.00,152.00,50000000
2021-04-07,MSFT,250.00,255.00,248.00,252.00,30000000
2021-04-07,FB,200.00,205.00,198.00,202.00,20000000
2021-04-07,DELIST_CORP,25.00,26.00,24.00,25.50,500000
2021-04-07,SPY,400.00,405.00,398.00,402.00,70000000
2021-04-08,AAPL,150.00,155.00,149.00,152.00,50000000
2021-04-08,MSFT,250.00,255.00,248.00,252.00,30000000
2021-04-08,FB,200.00,205.00,198.00,202.00,20000000
2021-04-08,DELIST_CORP,25.00,26.00,24.00,25.50,500000
2021-04-08,SPY,400.00,405.00,398.00,402.00,70000000
2021-04-09,AAPL,150.00,155.00,149.00,152.00,50000000
2021-04-09,MSFT,250.00,255.00,248.00,252.00,30000000
2021-04-09,FB,200.00,205.00,198.00,202.00,20000000
2021-04-09,DELIST_CORP,25.00,26.00,24.00,25.50,500000
2021-04-09,SPY,400.00,405.00,398.00,402.00,70000000
2021-04-12,AAPL,150.00,155.00,149.00,152.00,50000000
2021-04-12,MSFT,250.00,255.00,248.00,252.00,30000000
2021-04-12,FB,200.00,205.00,198.00,202.00,20000000
2021-04-12,DELIST_CORP,25.00,26.00,24.00,25.50,500000
2021-04-12,SPY,400.00,405.00,398.00,402.00,70000000
2021-04-13,AAPL,150.00,155.00,149.00,152.00,50000000
2021-04-13,MSFT,250.00,255.00,248.00,252.00,30000000
2021-04-13,FB,200.00,205.00,198.00,202.00,20000000
2021-04-13,DELIST_CORP,25.00,26.00,24.00,25.50,500000
2021-04-13,SPY,400.00,405.00,398.00,402.00,70000000
2021-04-14,AAPL,150.00,155.00,149.00,152.00,50000000
2021-04-14,MSFT,250.00,255.00,248.00,252.00,30000000
2021-04-14,FB,200.00,205.00,198.00,202.00,20000000
2021-04-14,DELIST_CORP,25.00,26.00,24.00,25.50,500000
2021-04-14,SPY,400.00,405.00,398.00,402.00,70000000
2021-04-15,AAPL,150.00,155.00,149.00,152.00,50000000
2021-04-15,MSFT,250.00,255.00,248.00,252.00,30000000
2021-04-15,FB,200.00,205.00,198.00,202.00,20000000
2021-04-15,DELIST_CORP,25.00,26.00,24.00,25.50,500000
2021-04-15,SPY,400.00,405.00,398.00,402.00,70000000
2021-04-16,AAPL,150.00,155.00,149.00,152.00,50000000
2021-04-16,MSFT,250.00,255.00,248.00,252.00,30000000
2021-04-16,FB,200.00,205.00,198.00,202.00,20000000
2021-04-16,DELIST_CORP,25.00,26.00,24.00,25.50,500000
2021-04-16,SPY,400.00,405.00,398.00,402.00,70000000
2021-04-19,AAPL,150.00,155.00,149.00,152.00,50000000
2021-04-19,MSFT,250.00,255.00,248.00,252.00,30000000
2021-04-19,FB,200.00,205.00,198.00,202.00,20000000
2021-04-19,DELIST_CORP,25.00,26.00,24.00,25.50,500000
2021-04-19,SPY,400.00,405.00,398.00,402.00,70000000
2021-04-20,AAPL,150.00,155.00,149.00,152.00,50000000
2021-04-20,MSFT,250.00,255.00,248.00,252.00,30000000
2021-04-20,FB,200.00,205.00,198.00,202.00,20000000
2021-04-20,DELIST_CORP,25.00,26.00,24.00,25.50,500000
2021-04-20,SPY,400.00,405.00,398.00,402.00,70000000
2021-04-21,AAPL,150.00,155.00,149.00,152.00,50000000
2021-04-21,MSFT,250.00,255.00,248.00,252.00,30000000
2021-04-21,FB,200.00,205.00,198.00,202.00,20000000
2021-04-21,DELIST_CORP,25.00,26.00,24.00,25.50,500000
2021-04-21,SPY,400.00,405.00,398.00,402.00,70000000
2021-04-22,AAPL,150.00,155.00,149.00,152.00,50000000
2021-04-22,MSFT,250.00,255.00,248.00,252.00,30000000
2021-04-22,FB,200.00,205.00,198.00,202.00,20000000
2021-04-22,DELIST_CORP,25.00,26.00,24.00,25.50,500000
2021-04-22,SPY,400.00,405.00,398.00,402.00,70000000
2021-04-23,AAPL,150.00,155.00,149.00,152.00,50000000
2021-04-23,MSFT,250.00,255.00,248.00,252.00,30000000
2021-04-23,FB,200.00,205.00,198.00,202.00,20000000
2021-04-23,DELIST_CORP,25.00,26.00,24.00,25.50,500000
2021-04-23,SPY,400.00,405.00,398.00,402.00,70000000
2021-04-26,AAPL,150.00,155.00,149.00,152.00,50000000
2021-04-26,MSFT,250.00,255.00,248.00,252.00,30000000
2021-04-26,FB,200.00,205.00,198.00,202.00,20000000
2021-04-26,DELIST_CORP,25.00,26.00,24.00,25.50,500000
2021-04-26,SPY,400.00,405.00,398.00,402.00,70000000
2021-04-27,AAPL,150.00,155.00,149.00,152.00,50000000
2021-04-27,MSFT,250.00,255.00,248.00,252.00,30000000
2021-04-27,FB,200.00,205.00,198.00,202.00,20000000
2021-04-27,DELIST_CORP,25.00,26.00,24.00,25.50,500000
2021-04-27,SPY,400.00,405.00,398.00,402.00,70000000
2021-04-28,AAPL,150.00,155.00,149.00,152.00,50000000
2021-04-28,MSFT,250.00,255.00,248.00,252.00,30000000
2021-04-28,FB,200.00,205.00,198.00,202.00,20000000
2021-04-28,DELIST_CORP,25.00,26.00,24.00,25.50,500000
2021-04-28,SPY,400.00,405.00,398.00,402.00,70000000
2021-04-29,AAPL,150.00,155.00,149.00,152.00,50000000
2021-04-29,MSFT,250.00,255.00,248.00,252.00,30000000
2021-04-29,FB,200.00,205.00,198.00,202.00,20000000
2021-04-29,DELIST_CORP,25.00,26.00,24.00,25.50,500000
2021-04-29,SPY,400.00,405.00,398.00,402.00,70000000
2021-04-30,AAPL,150.00,155.00,149.00,152.00,50000000
2021-04-30,MSFT,250.00,255.00,248.00,252.00,30000000
2021-04-30,FB,200.00,205.00,198.00,202.00,20000000
2021-04-30,DELIST_CORP,25.00,26.00,24.00,25.50,500000
2021-04-30,SPY,400.00,405.00,398.00,402.00,70000000
2021-05-03,AAPL,150.00,155.00,149.00,152.00,50000000
2021-05-03,MSFT,250.00,255.00,248.00,252.00,30000000
2021-05-03,FB,200.00,205.00,198.00,202.00,20000000
2021-05-03,DELIST_CORP,25.00,26.00,24.00,25.50,500000
2021-05-03,SPY,400.00,405.00,398.00,402.00,70000000
2021-05-04,AAPL,150.00,155.00,149.00,152.00,50000000
2021-05-04,MSFT,250.00,255.00,248.00,252.00,30000000
2021-05-04,FB,200.00,205.00,198.00,202.00,20000000
2021-05-04,DELIST_CORP,25.00,26.00,24.00,25.50,500000
2021-05-04,SPY,400.00,405.00,398.00,402.00,70000000
2021-05-05,AAPL,150.00,155.00,149.00,152.00,50000000
2021-05-05,MSFT,250.00,255.00,248.00,252.00,30000000
2021-05-05,FB,200.00,205.00,198.00,202.00,20000000
2021-05-05,DELIST_CORP,25.00,26.00,24.00,25.50,500000
2021-05-05,SPY,400.00,405.00,398.00,402.00,70000000
2021-05-06,AAPL,150.00,155.00,149.00,152.00,50000000
2021-05-06,MSFT,250.00,255.00,248.00,252.00,30000000
2021-05-06,FB,200.00,205.00,198.00,202.00,20000000
2021-05-06,DELIST_CORP,25.00,26.00,24.00,25.50,500000
2021-05-06,SPY,400.00,405.00,398.00,402.00,70000000
2021-05-07,AAPL,150.00,155.00,149.00,152.00,50000000
2021-05-07,MSFT,250.00,255.00,248.00,252.00,30000000
2021-05-07,FB,200.00,205.00,198.00,202.00,20000000
2021-05-07,DELIST_CORP,25.00,26.00,24.00,25.50,500000
2021-05-07,SPY,400.00,405.00,398.00,402.00,70000000
2021-05-10,AAPL,150.00,155.00,149.00,152.00,50000000
2021-05-10,MSFT,250.00,255.00,248.00,252.00,30000000
2021-05-10,FB,200.00,205.00,198.00,202.00,20000000
2021-05-10,DELIST_CORP,25.00,26.00,24.00,25.50,500000
2021-05-10,SPY,400.00,405.00,398.00,402.00,70000000
2021-05-11,AAPL,150.00,155.00,149.00,152.00,50000000
2021-05-11,MSFT,250.00,255.00,248.00,252.00,30000000
2021-05-11,FB,200.00,205.00,198.00,202.00,20000000
2021-05-11,DELIST_CORP,25.00,26.00,24.00,25.50,500000
2021-05-11,SPY,400.00,405.00,398.00,402.00,70000000
2021-05-12,AAPL,150.00,155.00,149.00,152.00,50000000
2021-05-12,MSFT,250.00,255.00,248.00,252.00,30000000
2021-05-12,FB,200.00,205.00,198.00,202.00,20000000
2021-05-12,DELIST_CORP,25.00,26.00,24.00,25.50,500000
2021-05-12,SPY,400.00,405.00,398.00,402.00,70000000
2021-05-13,AAPL,150.00,155.00,149.00,152.00,50000000
2021-05-13,MSFT,250.00,255.00,248.00,252.00,30000000
2021-05-13,FB,200.00,205.00,198.00,202.00,20000000
2021-05-13,DELIST_CORP,25.00,26.00,24.00,25.50,500000
2021-05-13,SPY,400.00,405.00,398.00,402.00,70000000
2021-05-14,AAPL,150.00,155.00,149.00,152.00,50000000
2021-05-14,MSFT,250.00,255.00,248.00,252.00,30000000
2021-05-14,FB,200.00,205.00,198.00,202.00,20000000
2021-05-14,DELIST_CORP,25.00,26.00,24.00,25.50,500000
2021-05-14,SPY,400.00,405.00,398.00,402.00,70000000
2021-05-17,AAPL,150.00,155.00,149.00,152.00,50000000
2021-05-17,MSFT,250.00,255.00,248.00,252.00,30000000
2021-05-17,FB,200.00,205.00,198.00,202.00,20000000
2021-05-17,DELIST_CORP,25.00,26.00,24.00,25.50,500000
2021-05-17,SPY,400.00,405.00,398.00,402.00,70000000
2021-05-18,AAPL,150.00,155.00,149.00,152.00,50000000
2021-05-18,MSFT,250.00,255.00,248.00,252.00,30000000
2021-05-18,FB,200.00,205.00,198.00,202.00,20000000
2021-05-18,DELIST_CORP,25.00,26.00,24.00,25.50,500000
2021-05-18,SPY,400.00,405.00,398.00,402.00,70000000
2021-05-19,AAPL,150.00,155.00,149.00,152.00,50000000
2021-05-19,MSFT,250.00,255.00,248.00,252.00,30000000
2021-05-19,FB,200.00,205.00,198.00,202.00,20000000
2021-05-19,DELIST_CORP,25.00,26.00,24.00,25.50,500000
2021-05-19,SPY,400.00,405.00,398.00,402.00,70000000
2021-05-20,AAPL,150.00,155.00,149.00,152.00,50000000
2021-05-20,MSFT,250.00,255.00,248.00,252.00,30000000
2021-05-20,FB,200.00,205.00,198.00,202.00,20000000
2021-05-20,DELIST_CORP,25.00,26.00,24.00,25.50,500000
2021-05-20,SPY,400.00,405.00,398.00,402.00,70000000
2021-05-21,AAPL,150.00,155.00,149.00,152.00,50000000
2021-05-21,MSFT,250.00,255.00,248.00,252.00,30000000
2021-05-21,FB,200.00,205.00,198.00,202.00,20000000
2021-05-21,DELIST_CORP,25.00,26.00,24.00,25.50,500000
2021-05-21,SPY,400.00,405.00,398.00,402.00,70000000
2021-05-24,AAPL,150.00,155.00,149.00,152.00,50000000
2021-05-24,MSFT,250.00,255.00,248.00,252.00,30000000
2021-05-24,FB,200.00,205.00,198.00,202.00,20000000
2021-05-24,DELIST_CORP,25.00,26.00,24.00,25.50,500000
2021-05-24,SPY,400.00,405.00,398.00,402.00,70000000
2021-05-25,AAPL,150.00,155.00,149.00,152.00,50000000
2021-05-25,MSFT,250.00,255.00,248.00,252.00,30000000
2021-05-25,FB,200.00,205.00,198.00,202.00,20000000
2021-05-25,DELIST_CORP,25.00,26.00,24.00,25.50,500000
2021-05-25,SPY,400.00,405.00,398.00,402.00,70000000
2021-05-26,AAPL,150.00,155.00,149.00,152.00,50000000
2021-05-26,MSFT,250.00,255.00,248.00,252.00,30000000
2021-05-26,FB,200.00,205.00,198.00,202.00,20000000
2021-05-26,DELIST_CORP,25.00,26.00,24.00,25.50,500000
2021-05-26,SPY,400.00,405.00,398.00,402.00,70000000
2021-05-27,AAPL,150.00,155.00,149.00,152.00,50000000
2021-05-27,MSFT,250.00,255.00,248.00,252.00,30000000
2021-05-27,FB,200.00,205.00,198.00,202.00,20000000
2021-05-27,DELIST_CORP,25.00,26.00,24.00,25.50,500000
2021-05-27,SPY,400.00,405.00,398.00,402.00,70000000
2021-05-28,AAPL,150.00,155.00,149.00,152.00,50000000
2021-05-28,MSFT,250.00,255.00,248.00,252.00,30000000
2021-05-28,FB,200.00,205.00,198.00,202.00,20000000
2021-05-28,DELIST_CORP,25.00,26.00,24.00,25.50,500000
2021-05-28,SPY,400.00,405.00,398.00,402.00,70000000
2021-05-31,AAPL,150.00,155.00,149.00,152.00,50000000
2021-05-31,MSFT,250.00,255.00,248.00,252.00,30000000
2021-05-31,FB,200.00,205.00,198.00,202.00,20000000
2021-05-31,DELIST_CORP,25.00,26.00,24.00,25.50,500000
2021-05-31,SPY,400.00,405.00,398.00,402.00,70000000
2021-06-01,AAPL,150.00,155.00,149.00,152.00,50000000
2021-06-01,MSFT,250.00,255.00,248.00,252.00,30000000
2021-06-01,FB,200.00,205.00,198.00,202.00,20000000
2021-06-01,DELIST_CORP,25.00,26.00,24.00,25.50,500000
2021-06-01,SPY,400.00,405.00,398.00,402.00,70000000
2021-06-02,AAPL,150.00,155.00,149.00,152.00,50000000
2021-06-02,MSFT,250.00,255.00,248.00,252.00,30000000
2021-06-02,FB,200.00,205.00,198.00,202.00,20000000
2021-06-02,DELIST_CORP,25.00,26.00,24.00,25.50,500000
2021-06-02,SPY,400.00,405.00,398.00,402.00,70000000
2021-06-03,AAPL,150.00,155.00,149.00,152.00,50000000
2021-06-03,MSFT,250.00,255.00,248.00,252.00,30000000
2021-06-03,FB,200.00,205.00,198.00,202.00,20000000
2021-06-03,DELIST_CORP,25.00,26.00,24.00,25.50,500000
2021-06-03,SPY,400.00,405.00,398.00,402.00,70000000
2021-06-04,AAPL,150.00,155.00,149.00,152.00,50000000
2021-06-04,MSFT,250.00,255.00,248.00,252.00,30000000
2021-06-04,FB,200.00,205.00,198.00,202.00,20000000
2021-06-04,DELIST_CORP,25.00,26.00,24.00,25.50,500000
2021-06-04,SPY,400.00,405.00,398.00,402.00,70000000
2021-06-07,AAPL,150.00,155.00,149.00,152.00,50000000
2021-06-07,MSFT,250.00,255.00,248.00,252.00,30000000
2021-06-07,FB,200.00,205.00,198.00,202.00,20000000
2021-06-07,DELIST_CORP,25.00,26.00,24.00,25.50,500000
2021-06-07,SPY,400.00,405.00,398.00,402.00,70000000
2021-06-08,AAPL,150.00,155.00,149.00,152.00,50000000
2021-06-08,MSFT,250.00,255.00,248.00,252.00,30000000
2021-06-08,FB,200.00,205.00,198.00,202.00,20000000
2021-06-08,DELIST_CORP,25.00,26.00,24.00,25.50,500000
2021-06-08,SPY,400.00,405.00,398.00,402.00,70000000
2021-06-09,AAPL,150.00,155.00,149.00,152.00,50000000
2021-06-09,MSFT,250.00,255.00,248.00,252.00,30000000
2021-06-09,FB,200.00,205.00,198.00,202.00,20000000
2021-06-09,DELIST_CORP,25.00,26.00,24.00,25.50,500000
2021-06-09,SPY,400.00,405.00,398.00,402.00,70000000
2021-06-10,AAPL,150.00,155.00,149.00,152.00,50000000
2021-06-10,MSFT,250.00,255.00,248.00,252.00,30000000
2021-06-10,FB,200.00,205.00,198.00,202.00,20000000
2021-06-10,DELIST_CORP,25.00,26.00,24.00,25.50,500000
2021-06-10,SPY,400.00,405.00,398.00,402.00,70000000
2021-06-11,AAPL,150.00,155.00,149.00,152.00,50000000
2021-06-11,MSFT,250.00,255.00,248.00,252.00,30000000
2021-06-11,FB,200.00,205.00,198.00,202.00,20000000
2021-06-11,DELIST_CORP,25.00,26.00,24.00,25.50,500000
2021-06-11,SPY,400.00,405.00,398.00,402.00,70000000
2021-06-14,AAPL,150.00,155.00,149.00,152.00,50000000
2021-06-14,MSFT,250.00,255.00,248.00,252.00,30000000
2021-06-14,FB,200.00,205.00,198.00,202.00,20000000
2021-06-14,DELIST_CORP,25.00,26.00,24.00,25.50,500000
2021-06-14,SPY,400.00,405.00,398.00,402.00,70000000
2021-06-15,AAPL,,155.00,149.00,152.00,50000000
2021-06-15,MSFT,250.00,255.00,248.00,252.00,30000000
2021-06-15,FB,200.00,205.00,198.00,202.00,20000000
2021-06-15,DELIST_CORP,25.00,26.00,24.00,25.50,500000
2021-06-15,SPY,400.00,405.00,398.00,402.00,70000000
2021-06-16,AAPL,150.00,155.00,149.00,152.00,50000000
2021-06-16,MSFT,250.00,255.00,248.00,252.00,30000000
2021-06-16,FB,200.00,205.00,198.00,202.00,20000000
2021-06-16,DELIST_CORP,25.00,26.00,24.00,25.50,500000
2021-06-16,SPY,400.00,405.00,398.00,402.00,70000000
2021-06-17,AAPL,150.00,155.00,149.00,152.00,50000000
2021-06-17,MSFT,250.00,255.00,248.00,252.00,30000000
2021-06-17,FB,200.00,205.00,198.00,202.00,20000000
2021-06-17,DELIST_CORP,25.00,26.00,24.00,25.50,500000
2021-06-17,SPY,400.00,405.00,398.00,402.00,70000000
2021-06-18,AAPL,150.00,155.00,149.00,152.00,50000000
2021-06-18,MSFT,250.00,255.00,248.00,252.00,30000000
2021-06-18,FB,200.00,205.00,198.00,202.00,20000000
2021-06-18,DELIST_CORP,25.00,26.00,24.00,25.50,500000
2021-06-18,SPY,400.00,405.00,398.00,402.00,70000000
2021-06-21,AAPL,150.00,155.00,149.00,152.00,50000000
2021-06-21,MSFT,250.00,255.00,248.00,252.00,30000000
2021-06-21,FB,200.00,205.00,198.00,202.00,20000000
2021-06-21,DELIST_CORP,25.00,26.00,24.00,25.50,500000
2021-06-21,SPY,400.00,405.00,398.00,402.00,70000000
2021-06-22,AAPL,150.00,155.00,149.00,152.00,50000000
2021-06-22,MSFT,250.00,255.00,248.00,252.00,30000000
2021-06-22,FB,200.00,205.00,198.00,202.00,20000000
2021-06-22,DELIST_CORP,25.00,26.00,24.00,25.50,500000
2021-06-22,SPY,400.00,405.00,398.00,402.00,70000000
2021-06-23,AAPL,150.00,155.00,149.00,152.00,50000000
2021-06-23,MSFT,250.00,255.00,248.00,252.00,30000000
2021-06-23,FB,200.00,205.00,198.00,202.00,20000000
2021-06-23,DELIST_CORP,25.00,26.00,24.00,25.50,500000
2021-06-23,SPY,400.00,405.00,398.00,402.00,70000000
2021-06-24,AAPL,150.00,155.00,149.00,152.00,50000000
2021-06-24,MSFT,250.00,255.00,248.00,252.00,30000000
2021-06-24,FB,200.00,205.00,198.00,202.00,20000000
2021-06-24,DELIST_CORP,25.00,26.00,24.00,25.50,500000
2021-06-24,SPY,400.00,405.00,398.00,402.00,70000000
2021-06-25,AAPL,150.00,155.00,149.00,152.00,50000000
2021-06-25,MSFT,250.00,255.00,248.00,252.00,30000000
2021-06-25,FB,200.00,205.00,198.00,202.00,20000000
2021-06-25,DELIST_CORP,25.00,26.00,24.00,25.50,500000
2021-06-25,SPY,400.00,405.00,398.00,402.00,70000000
2021-06-28,AAPL,150.00,155.00,149.00,152.00,50000000
2021-06-28,MSFT,250.00,255.00,248.00,252.00,30000000
2021-06-28,FB,200.00,205.00,198.00,202.00,20000000
2021-06-28,DELIST_CORP,25.00,26.00,24.00,25.50,500000
2021-06-28,SPY,400.00,405.00,398.00,402.00,70000000
2021-06-29,AAPL,150.00,155.00,149.00,152.00,50000000
2021-06-29,MSFT,250.00,255.00,248.00,252.00,30000000
2021-06-29,FB,200.00,205.00,198.00,202.00,20000000
2021-06-29,DELIST_CORP,25.00,26.00,24.00,25.50,500000
2021-06-29,SPY,400.00,405.00,398.00,402.00,70000000
2021-06-30,AAPL,150.00,155.00,149.00,152.00,50000000
2021-06-30,MSFT,250.00,255.00,248.00,252.00,30000000
2021-06-30,FB,200.00,205.00,198.00,202.00,20000000
2021-06-30,DELIST_CORP,25.00,26.00,24.00,25.50,500000
2021-06-30,SPY,400.00,405.00,398.00,402.00,70000000
2021-07-01,AAPL,150.00,155.00,149.00,152.00,50000000
2021-07-01,MSFT,250.00,255.00,248.00,252.00,30000000
2021-07-01,FB,200.00,205.00,198.00,202.00,20000000
2021-07-01,DELIST_CORP,25.00,26.00,24.00,25.50,500000
2021-07-01,SPY,400.00,405.00,398.00,402.00,70000000
2021-07-02,AAPL,150.00,155.00,149.00,152.00,50000000
2021-07-02,MSFT,250.00,255.00,248.00,252.00,30000000
2021-07-02,FB,200.00,205.00,198.00,202.00,20000000
2021-07-02,DELIST_CORP,25.00,26.00,24.00,25.50,500000
2021-07-02,SPY,400.00,405.00,398.00,402.00,70000000
2021-07-05,AAPL,150.00,155.00,149.00,152.00,50000000
2021-07-05,MSFT,250.00,255.00,248.00,252.00,30000000
2021-07-05,FB,200.00,205.00,198.00,202.00,20000000
2021-07-05,DELIST_CORP,25.00,26.00,24.00,25.50,500000
2021-07-05,SPY,400.00,405.00,398.00,402.00,70000000
2021-07-06,AAPL,150.00,155.00,149.00,152.00,50000000
2021-07-06,MSFT,250.00,255.00,248.00,252.00,30000000
2021-07-06,FB,200.00,205.00,198.00,202.00,20000000
2021-07-06,DELIST_CORP,25.00,26.00,24.00,25.50,500000
2021-07-06,SPY,400.00,405.00,398.00,402.00,70000000
2021-07-07,AAPL,150.00,155.00,149.00,152.00,50000000
2021-07-07,MSFT,250.00,255.00,248.00,252.00,30000000
2021-07-07,FB,200.00,205.00,198.00,202.00,20000000
2021-07-07,DELIST_CORP,25.00,26.00,24.00,25.50,500000
2021-07-07,SPY,400.00,405.00,398.00,402.00,70000000
2021-07-08,AAPL,150.00,155.00,149.00,152.00,50000000
2021-07-08,MSFT,250.00,255.00,248.00,252.00,30000000
2021-07-08,FB,200.00,205.00,198.00,202.00,20000000
2021-07-08,DELIST_CORP,25.00,26.00,24.00,25.50,500000
2021-07-08,SPY,400.00,405.00,398.00,402.00,70000000
2021-07-09,AAPL,150.00,155.00,149.00,152.00,50000000
2021-07-09,MSFT,250.00,255.00,248.00,252.00,30000000
2021-07-09,FB,200.00,205.00,198.00,202.00,20000000
2021-07-09,DELIST_CORP,25.00,26.00,24.00,25.50,500000
2021-07-09,SPY,400.00,405.00,398.00,402.00,70000000
2021-07-12,AAPL,150.00,155.00,149.00,152.00,50000000
2021-07-12,MSFT,250.00,255.00,248.00,252.00,30000000
2021-07-12,FB,200.00,205.00,198.00,202.00,20000000
2021-07-12,DELIST_CORP,25.00,26.00,24.00,25.50,500000
2021-07-12,SPY,400.00,405.00,398.00,402.00,70000000
2021-07-13,AAPL,150.00,155.00,149.00,152.00,50000000
2021-07-13,MSFT,250.00,255.00,248.00,252.00,30000000
2021-07-13,FB,200.00,205.00,198.00,202.00,20000000
2021-07-13,DELIST_CORP,25.00,26.00,24.00,25.50,500000
2021-07-13,SPY,400.00,405.00,398.00,402.00,70000000
2021-07-14,AAPL,150.00,155.00,149.00,152.00,50000000
2021-07-14,MSFT,250.00,255.00,248.00,252.00,30000000
2021-07-14,FB,200.00,205.00,198.00,202.00,20000000
2021-07-14,DELIST_CORP,25.00,26.00,24.00,25.50,500000
2021-07-14,SPY,400.00,405.00,398.00,402.00,70000000
2021-07-15,AAPL,150.00,155.00,149.00,152.00,50000000
2021-07-15,MSFT,250.00,255.00,248.00,252.00,30000000
2021-07-15,FB,200.00,205.00,198.00,202.00,20000000
2021-07-15,DELIST_CORP,25.00,26.00,24.00,25.50,500000
2021-07-15,SPY,400.00,405.00,398.00,402.00,70000000
2021-07-16,AAPL,150.00,155.00,149.00,152.00,50000000
2021-07-16,MSFT,250.00,255.00,248.00,252.00,30000000
2021-07-16,FB,200.00,205.00,198.00,202.00,20000000
2021-07-16,DELIST_CORP,25.00,26.00,24.00,25.50,500000
2021-07-16,SPY,400.00,405.00,398.00,402.00,70000000
2021-07-19,AAPL,150.00,155.00,149.00,152.00,50000000
2021-07-19,MSFT,250.00,255.00,248.00,252.00,30000000
2021-07-19,FB,200.00,205.00,198.00,202.00,20000000
2021-07-19,DELIST_CORP,25.00,26.00,24.00,25.50,500000
2021-07-19,SPY,400.00,405.00,398.00,402.00,70000000
2021-07-20,AAPL,150.00,155.00,149.00,152.00,50000000
2021-07-20,MSFT,250.00,255.00,248.00,252.00,30000000
2021-07-20,FB,200.00,205.00,198.00,202.00,20000000
2021-07-20,DELIST_CORP,25.00,26.00,24.00,25.50,500000
2021-07-20,SPY,400.00,405.00,398.00,402.00,70000000
2021-07-21,AAPL,150.00,155.00,149.00,152.00,50000000
2021-07-21,MSFT,250.00,255.00,248.00,252.00,30000000
2021-07-21,FB,200.00,205.00,198.00,202.00,20000000
2021-07-21,DELIST_CORP,25.00,26.00,24.00,25.50,500000
2021-07-21,SPY,400.00,405.00,398.00,402.00,70000000
2021-07-22,AAPL,150.00,155.00,149.00,152.00,50000000
2021-07-22,MSFT,250.00,255.00,248.00,252.00,30000000
2021-07-22,FB,200.00,205.00,198.00,202.00,20000000
2021-07-22,DELIST_CORP,25.00,26.00,24.00,25.50,500000
2021-07-22,SPY,400.00,405.00,398.00,402.00,70000000
2021-07-23,AAPL,150.00,155.00,149.00,152.00,50000000
2021-07-23,MSFT,250.00,255.00,248.00,252.00,30000000
2021-07-23,FB,200.00,205.00,198.00,202.00,20000000
2021-07-23,DELIST_CORP,25.00,26.00,24.00,25.50,500000
2021-07-23,SPY,400.00,405.00,398.00,402.00,70000000
2021-07-26,AAPL,150.00,155.00,149.00,152.00,50000000
2021-07-26,MSFT,250.00,255.00,248.00,252.00,30000000
2021-07-26,FB,200.00,205.00,198.00,202.00,20000000
2021-07-26,DELIST_CORP,25.00,26.00,24.00,25.50,500000
2021-07-26,SPY,400.00,405.00,398.00,402.00,70000000
2021-07-27,AAPL,150.00,155.00,149.00,152.00,50000000
2021-07-27,MSFT,250.00,255.00,248.00,252.00,30000000
2021-07-27,FB,200.00,205.00,198.00,202.00,20000000
2021-07-27,DELIST_CORP,25.00,26.00,24.00,25.50,500000
2021-07-27,SPY,400.00,405.00,398.00,402.00,70000000
2021-07-28,AAPL,150.00,155.00,149.00,152.00,50000000
2021-07-28,MSFT,250.00,255.00,248.00,252.00,30000000
2021-07-28,FB,200.00,205.00,198.00,202.00,20000000
2021-07-28,DELIST_CORP,25.00,26.00,24.00,25.50,500000
2021-07-28,SPY,400.00,405.00,398.00,402.00,70000000
2021-07-29,AAPL,150.00,155.00,149.00,152.00,50000000
2021-07-29,MSFT,250.00,255.00,248.00,252.00,30000000
2021-07-29,FB,200.00,205.00,198.00,202.00,20000000
2021-07-29,DELIST_CORP,25.00,26.00,24.00,25.50,500000
2021-07-29,SPY,400.00,405.00,398.00,402.00,70000000
2021-07-30,AAPL,150.00,155.00,149.00,152.00,50000000
2021-07-30,MSFT,250.00,255.00,248.00,252.00,30000000
2021-07-30,FB,200.00,205.00,198.00,202.00,20000000
2021-07-30,DELIST_CORP,25.00,26.00,24.00,25.50,500000
2021-07-30,SPY,400.00,405.00,398.00,402.00,70000000
2021-08-02,AAPL,150.00,155.00,149.00,152.00,50000000
2021-08-02,MSFT,250.00,255.00,248.00,252.00,30000000
2021-08-02,FB,200.00,205.00,198.00,202.00,20000000
2021-08-02,DELIST_CORP,25.00,26.00,24.00,25.50,500000
2021-08-02,SPY,400.00,405.00,398.00,402.00,70000000
2021-08-03,AAPL,150.00,155.00,149.00,152.00,50000000
2021-08-03,MSFT,250.00,255.00,248.00,252.00,30000000
2021-08-03,FB,200.00,205.00,198.00,202.00,20000000
2021-08-03,DELIST_CORP,25.00,26.00,24.00,25.50,500000
2021-08-03,SPY,400.00,405.00,398.00,402.00,70000000
2021-08-04,AAPL,150.00,155.00,149.00,152.00,50000000
2021-08-04,MSFT,250.00,255.00,248.00,252.00,30000000
2021-08-04,FB,200.00,205.00,198.00,202.00,20000000
2021-08-04,DELIST_CORP,25.00,26.00,24.00,25.50,500000
2021-08-04,SPY,400.00,405.00,398.00,402.00,70000000
2021-08-05,AAPL,150.00,155.00,149.00,152.00,50000000
2021-08-05,MSFT,250.00,255.00,248.00,252.00,30000000
2021-08-05,FB,200.00,205.00,198.00,202.00,20000000
2021-08-05,DELIST_CORP,25.00,26.00,24.00,25.50,500000
2021-08-05,SPY,400.00,405.00,398.00,402.00,70000000
2021-08-06,AAPL,150.00,155.00,149.00,152.00,50000000
2021-08-06,MSFT,250.00,255.00,248.00,252.00,30000000
2021-08-06,FB,200.00,205.00,198.00,202.00,20000000
2021-08-06,DELIST_CORP,25.00,26.00,24.00,25.50,500000
2021-08-06,SPY,400.00,405.00,398.00,402.00,70000000
2021-08-09,AAPL,150.00,155.00,149.00,152.00,50000000
2021-08-09,MSFT,250.00,255.00,248.00,252.00,30000000
2021-08-09,FB,200.00,205.00,198.00,202.00,20000000
2021-08-09,DELIST_CORP,25.00,26.00,24.00,25.50,500000
2021-08-09,SPY,400.00,405.00,398.00,402.00,70000000
2021-08-10,AAPL,150.00,155.00,149.00,152.00,50000000
2021-08-10,MSFT,250.00,255.00,248.00,252.00,30000000
2021-08-10,FB,200.00,205.00,198.00,202.00,20000000
2021-08-10,DELIST_CORP,25.00,26.00,24.00,25.50,500000
2021-08-10,SPY,400.00,405.00,398.00,402.00,70000000
2021-08-11,AAPL,150.00,155.00,149.00,152.00,50000000
2021-08-11,MSFT,250.00,255.00,248.00,252.00,30000000
2021-08-11,FB,200.00,205.00,198.00,202.00,20000000
2021-08-11,DELIST_CORP,25.00,26.00,24.00,25.50,500000
2021-08-11,SPY,400.00,405.00,398.00,402.00,70000000
2021-08-12,AAPL,150.00,155.00,149.00,152.00,50000000
2021-08-12,MSFT,250.00,255.00,248.00,252.00,30000000
2021-08-12,FB,200.00,205.00,198.00,202.00,20000000
2021-08-12,DELIST_CORP,25.00,26.00,24.00,25.50,500000
2021-08-12,SPY,400.00,405.00,398.00,402.00,70000000
2021-08-13,AAPL,150.00,155.00,149.00,152.00,50000000
2021-08-13,MSFT,250.00,255.00,248.00,252.00,30000000
2021-08-13,FB,200.00,205.00,198.00,202.00,20000000
2021-08-13,DELIST_CORP,25.00,26.00,24.00,25.50,500000
2021-08-13,SPY,400.00,405.00,398.00,402.00,70000000
2021-08-16,AAPL,150.00,155.00,149.00,152.00,50000000
2021-08-16,MSFT,250.00,255.00,248.00,252.00,30000000
2021-08-16,FB,200.00,205.00,198.00,202.00,20000000
2021-08-16,DELIST_CORP,25.00,26.00,24.00,25.50,500000
2021-08-16,SPY,400.00,405.00,398.00,402.00,70000000
2021-08-17,AAPL,150.00,155.00,149.00,152.00,50000000
2021-08-17,MSFT,250.00,255.00,248.00,252.00,30000000
2021-08-17,FB,200.00,205.00,198.00,202.00,20000000
2021-08-17,DELIST_CORP,25.00,26.00,24.00,25.50,500000
2021-08-17,SPY,400.00,405.00,398.00,402.00,70000000
2021-08-18,AAPL,150.00,155.00,149.00,152.00,50000000
2021-08-18,MSFT,250.00,255.00,248.00,252.00,30000000
2021-08-18,FB,200.00,205.00,198.00,202.00,20000000
2021-08-18,DELIST_CORP,25.00,26.00,24.00,25.50,500000
2021-08-18,SPY,400.00,405.00,398.00,402.00,70000000
2021-08-19,AAPL,150.00,155.00,149.00,152.00,50000000
2021-08-19,MSFT,250.00,255.00,248.00,252.00,30000000
2021-08-19,FB,200.00,205.00,198.00,202.00,20000000
2021-08-19,DELIST_CORP,25.00,26.00,24.00,25.50,500000
2021-08-19,SPY,400.00,405.00,398.00,402.00,70000000
2021-08-20,AAPL,150.00,155.00,149.00,152.00,50000000
2021-08-20,MSFT,250.00,255.00,248.00,252.00,30000000
2021-08-20,FB,200.00,205.00,198.00,202.00,20000000
2021-08-20,DELIST_CORP,25.00,26.00,24.00,25.50,500000
2021-08-20,SPY,400.00,405.00,398.00,402.00,70000000
2021-08-23,AAPL,150.00,155.00,149.00,152.00,50000000
2021-08-23,MSFT,250.00,255.00,248.00,252.00,30000000
2021-08-23,FB,200.00,205.00,198.00,202.00,20000000
2021-08-23,DELIST_CORP,25.00,26.00,24.00,25.50,500000
2021-08-23,SPY,400.00,405.00,398.00,402.00,70000000
2021-08-24,AAPL,150.00,155.00,149.00,152.00,50000000
2021-08-24,MSFT,250.00,255.00,248.00,252.00,30000000
2021-08-24,FB,200.00,205.00,198.00,202.00,20000000
2021-08-24,DELIST_CORP,25.00,26.00,24.00,25.50,500000
2021-08-24,SPY,400.00,405.00,398.00,402.00,70000000
2021-08-25,AAPL,150.00,155.00,149.00,152.00,50000000
2021-08-25,MSFT,250.00,255.00,248.00,252.00,30000000
2021-08-25,FB,200.00,205.00,198.00,202.00,20000000
2021-08-25,DELIST_CORP,25.00,26.00,24.00,25.50,500000
2021-08-25,SPY,400.00,405.00,398.00,402.00,70000000
2021-08-26,AAPL,150.00,155.00,149.00,152.00,50000000
2021-08-26,MSFT,250.00,255.00,248.00,252.00,30000000
2021-08-26,FB,200.00,205.00,198.00,202.00,20000000
2021-08-26,DELIST_CORP,25.00,26.00,24.00,25.50,500000
2021-08-26,SPY,400.00,405.00,398.00,402.00,70000000
2021-08-27,AAPL,150.00,155.00,149.00,152.00,50000000
2021-08-27,MSFT,250.00,255.00,248.00,252.00,30000000
2021-08-27,FB,200.00,205.00,198.00,202.00,20000000
2021-08-27,DELIST_CORP,25.00,26.00,24.00,25.50,500000
2021-08-27,SPY,400.00,405.00,398.00,402.00,70000000
2021-08-30,AAPL,150.00,155.00,149.00,152.00,50000000
2021-08-30,MSFT,250.00,255.00,248.00,252.00,30000000
2021-08-30,FB,200.00,205.00,198.00,202.00,20000000
2021-08-30,DELIST_CORP,25.00,26.00,24.00,25.50,500000
2021-08-30,SPY,400.00,405.00,398.00,402.00,70000000
2021-08-31,AAPL,150.00,155.00,149.00,152.00,50000000
2021-08-31,MSFT,250.00,255.00,248.00,252.00,30000000
2021-08-31,FB,200.00,205.00,198.00,202.00,20000000
2021-08-31,DELIST_CORP,25.00,26.00,24.00,25.50,500000
2021-08-31,SPY,400.00,405.00,398.00,402.00,70000000
2021-09-01,AAPL,150.00,155.00,149.00,152.00,50000000
2021-09-01,MSFT,250.00,255.00,248.00,252.00,30000000
2021-09-01,FB,200.00,205.00,198.00,202.00,20000000
2021-09-01,DELIST_CORP,25.00,26.00,24.00,25.50,500000
2021-09-01,SPY,400.00,405.00,398.00,402.00,70000000
2021-09-02,AAPL,150.00,155.00,149.00,152.00,50000000
2021-09-02,MSFT,250.00,255.00,248.00,252.00,30000000
2021-09-02,FB,200.00,205.00,198.00,202.00,20000000
2021-09-02,DELIST_CORP,25.00,26.00,24.00,25.50,500000
2021-09-02,SPY,400.00,405.00,398.00,402.00,70000000
2021-09-03,AAPL,150.00,155.00,149.00,152.00,50000000
2021-09-03,MSFT,250.00,255.00,248.00,252.00,30000000
2021-09-03,FB,200.00,205.00,198.00,202.00,20000000
2021-09-03,DELIST_CORP,25.00,26.00,24.00,25.50,500000
2021-09-03,SPY,400.00,405.00,398.00,402.00,70000000
2021-09-06,AAPL,150.00,155.00,149.00,152.00,50000000
2021-09-06,MSFT,250.00,255.00,248.00,252.00,30000000
2021-09-06,FB,200.00,205.00,198.00,202.00,20000000
2021-09-06,DELIST_CORP,25.00,26.00,24.00,25.50,500000
2021-09-06,SPY,400.00,405.00,398.00,402.00,70000000
2021-09-07,AAPL,150.00,155.00,149.00,152.00,50000000
2021-09-07,MSFT,250.00,255.00,248.00,252.00,30000000
2021-09-07,FB,200.00,205.00,198.00,202.00,20000000
2021-09-07,DELIST_CORP,25.00,26.00,24.00,25.50,500000
2021-09-07,SPY,400.00,405.00,398.00,402.00,70000000
2021-09-08,AAPL,150.00,155.00,149.00,152.00,50000000
2021-09-08,MSFT,250.00,255.00,248.00,252.00,30000000
2021-09-08,FB,200.00,205.00,198.00,202.00,20000000
2021-09-08,DELIST_CORP,25.00,26.00,24.00,25.50,500000
2021-09-08,SPY,400.00,405.00,398.00,402.00,70000000
2021-09-09,AAPL,150.00,155.00,149.00,152.00,50000000
2021-09-09,MSFT,250.00,255.00,248.00,252.00,30000000
2021-09-09,FB,200.00,205.00,198.00,202.00,20000000
2021-09-09,DELIST_CORP,25.00,26.00,24.00,25.50,500000
2021-09-09,SPY,400.00,405.00,398.00,402.00,70000000
2021-09-10,AAPL,150.00,155.00,149.00,152.00,50000000
2021-09-10,MSFT,250.00,255.00,248.00,252.00,30000000
2021-09-10,FB,200.00,205.00,198.00,202.00,20000000
2021-09-10,DELIST_CORP,25.00,26.00,24.00,25.50,500000
2021-09-10,SPY,400.00,405.00,398.00,402.00,70000000
2021-09-13,AAPL,150.00,155.00,149.00,152.00,50000000
2021-09-13,MSFT,250.00,255.00,248.00,252.00,30000000
2021-09-13,FB,200.00,205.00,198.00,202.00,20000000
2021-09-13,DELIST_CORP,25.00,26.00,24.00,25.50,500000
2021-09-13,SPY,400.00,405.00,398.00,402.00,70000000
2021-09-14,AAPL,150.00,155.00,149.00,152.00,50000000
2021-09-14,MSFT,250.00,255.00,248.00,252.00,30000000
2021-09-14,FB,200.00,205.00,198.00,202.00,20000000
2021-09-14,DELIST_CORP,25.00,26.00,24.00,25.50,500000
2021-09-14,SPY,400.00,405.00,398.00,402.00,70000000
2021-09-15,AAPL,150.00,155.00,149.00,152.00,50000000
2021-09-15,MSFT,250.00,255.00,248.00,252.00,30000000
2021-09-15,FB,200.00,205.00,198.00,202.00,20000000
2021-09-15,DELIST_CORP,25.00,26.00,24.00,25.50,500000
2021-09-15,SPY,400.00,405.00,398.00,402.00,70000000
2021-09-16,AAPL,150.00,155.00,149.00,152.00,50000000
2021-09-16,MSFT,250.00,255.00,248.00,252.00,30000000
2021-09-16,FB,200.00,205.00,198.00,202.00,20000000
2021-09-16,DELIST_CORP,25.00,26.00,24.00,25.50,500000
2021-09-16,SPY,400.00,405.00,398.00,402.00,70000000
2021-09-17,AAPL,150.00,155.00,149.00,152.00,50000000
2021-09-17,MSFT,250.00,255.00,248.00,252.00,30000000
2021-09-17,FB,200.00,205.00,198.00,202.00,20000000
2021-09-17,DELIST_CORP,25.00,26.00,24.00,25.50,500000
2021-09-17,SPY,400.00,405.00,398.00,402.00,70000000
2021-09-20,AAPL,150.00,155.00,149.00,152.00,50000000
2021-09-20,MSFT,250.00,255.00,248.00,252.00,30000000
2021-09-20,FB,200.00,205.00,198.00,202.00,20000000
2021-09-20,DELIST_CORP,25.00,26.00,24.00,25.50,500000
2021-09-20,SPY,400.00,405.00,398.00,402.00,70000000
2021-09-21,AAPL,150.00,155.00,149.00,152.00,50000000
2021-09-21,MSFT,250.00,255.00,248.00,252.00,30000000
2021-09-21,FB,200.00,205.00,198.00,202.00,20000000
2021-09-21,DELIST_CORP,25.00,26.00,24.00,25.50,500000
2021-09-21,SPY,400.00,405.00,398.00,402.00,70000000
2021-09-22,AAPL,150.00,155.00,149.00,152.00,50000000
2021-09-22,MSFT,250.00,255.00,248.00,252.00,30000000
2021-09-22,FB,200.00,205.00,198.00,202.00,20000000
2021-09-22,DELIST_CORP,25.00,26.00,24.00,25.50,500000
2021-09-22,SPY,400.00,405.00,398.00,402.00,70000000
2021-09-23,AAPL,150.00,155.00,149.00,152.00,50000000
2021-09-23,MSFT,250.00,255.00,248.00,252.00,30000000
2021-09-23,FB,200.00,205.00,198.00,202.00,20000000
2021-09-23,DELIST_CORP,25.00,26.00,24.00,25.50,500000
2021-09-23,SPY,400.00,405.00,398.00,402.00,70000000
2021-09-24,AAPL,150.00,155.00,149.00,152.00,50000000
2021-09-24,MSFT,250.00,255.00,248.00,252.00,30000000
2021-09-24,FB,200.00,205.00,198.00,202.00,20000000
2021-09-24,DELIST_CORP,25.00,26.00,24.00,25.50,500000
2021-09-24,SPY,400.00,405.00,398.00,402.00,70000000
2021-09-27,AAPL,150.00,155.00,149.00,152.00,50000000
2021-09-27,MSFT,250.00,255.00,248.00,252.00,30000000
2021-09-27,FB,200.00,205.00,198.00,202.00,20000000
2021-09-27,DELIST_CORP,25.00,26.00,24.00,25.50,500000
2021-09-27,SPY,400.00,405.00,398.00,402.00,70000000
2021-09-28,AAPL,150.00,155.00,149.00,152.00,50000000
2021-09-28,MSFT,250.00,255.00,248.00,252.00,30000000
2021-09-28,FB,200.00,205.00,198.00,202.00,20000000
2021-09-28,DELIST_CORP,25.00,26.00,24.00,25.50,500000
2021-09-28,SPY,400.00,405.00,398.00,402.00,70000000
2021-09-29,AAPL,150.00,155.00,149.00,152.00,50000000
2021-09-29,MSFT,250.00,255.00,248.00,252.00,30000000
2021-09-29,FB,200.00,205.00,198.00,202.00,20000000
2021-09-29,DELIST_CORP,25.00,26.00,24.00,25.50,500000
2021-09-29,SPY,400.00,405.00,398.00,402.00,70000000
2021-09-30,AAPL,150.00,155.00,149.00,152.00,50000000
2021-09-30,MSFT,250.00,255.00,248.00,252.00,30000000
2021-09-30,FB,200.00,205.00,198.00,202.00,20000000
2021-09-30,DELIST_CORP,25.00,26.00,24.00,25.50,500000
2021-09-30,SPY,400.00,405.00,398.00,402.00,70000000
2021-10-01,AAPL,150.00,155.00,149.00,152.00,50000000
2021-10-01,MSFT,250.00,255.00,248.00,252.00,30000000
2021-10-01,FB,200.00,205.00,198.00,202.00,20000000
2021-10-01,DELIST_CORP,25.00,26.00,24.00,25.50,500000
2021-10-01,SPY,400.00,405.00,398.00,402.00,70000000
2021-10-04,AAPL,150.00,155.00,149.00,152.00,50000000
2021-10-04,MSFT,250.00,255.00,248.00,252.00,30000000
2021-10-04,FB,200.00,205.00,198.00,202.00,20000000
2021-10-04,DELIST_CORP,25.00,26.00,24.00,25.50,500000
2021-10-04,SPY,400.00,405.00,398.00,402.00,70000000
2021-10-05,AAPL,150.00,155.00,149.00,152.00,50000000
2021-10-05,MSFT,250.00,255.00,248.00,252.00,30000000
2021-10-05,FB,200.00,205.00,198.00,202.00,20000000
2021-10-05,DELIST_CORP,25.00,26.00,24.00,25.50,500000
2021-10-05,SPY,400.00,405.00,398.00,402.00,70000000
2021-10-06,AAPL,150.00,155.00,149.00,152.00,50000000
2021-10-06,MSFT,250.00,255.00,248.00,252.00,30000000
2021-10-06,FB,200.00,205.00,198.00,202.00,20000000
2021-10-06,DELIST_CORP,25.00,26.00,24.00,25.50,500000
2021-10-06,SPY,400.00,405.00,398.00,402.00,70000000
2021-10-07,AAPL,150.00,155.00,149.00,152.00,50000000
2021-10-07,MSFT,250.00,255.00,248.00,252.00,30000000
2021-10-07,FB,200.00,205.00,198.00,202.00,20000000
2021-10-07,DELIST_CORP,25.00,26.00,24.00,25.50,500000
2021-10-07,SPY,400.00,405.00,398.00,402.00,70000000
2021-10-08,AAPL,150.00,155.00,149.00,152.00,50000000
2021-10-08,MSFT,250.00,255.00,248.00,252.00,30000000
2021-10-08,FB,200.00,205.00,198.00,202.00,20000000
2021-10-08,DELIST_CORP,25.00,26.00,24.00,25.50,500000
2021-10-08,SPY,400.00,405.00,398.00,402.00,70000000
2021-10-11,AAPL,150.00,155.00,149.00,152.00,50000000
2021-10-11,MSFT,250.00,255.00,248.00,252.00,30000000
2021-10-11,FB,200.00,205.00,198.00,202.00,20000000
2021-10-11,DELIST_CORP,25.00,26.00,24.00,25.50,500000
2021-10-11,SPY,400.00,405.00,398.00,402.00,70000000
2021-10-12,AAPL,150.00,155.00,149.00,152.00,50000000
2021-10-12,MSFT,250.00,255.00,248.00,252.00,30000000
2021-10-12,FB,200.00,205.00,198.00,202.00,20000000
2021-10-12,DELIST_CORP,25.00,26.00,24.00,25.50,500000
2021-10-12,SPY,400.00,405.00,398.00,402.00,70000000
2021-10-13,AAPL,150.00,155.00,149.00,152.00,50000000
2021-10-13,MSFT,250.00,255.00,248.00,252.00,30000000
2021-10-13,FB,200.00,205.00,198.00,202.00,20000000
2021-10-13,DELIST_CORP,25.00,26.00,24.00,25.50,500000
2021-10-13,SPY,400.00,405.00,398.00,402.00,70000000
2021-10-14,AAPL,150.00,155.00,149.00,152.00,50000000
2021-10-14,MSFT,250.00,255.00,248.00,252.00,30000000
2021-10-14,FB,200.00,205.00,198.00,202.00,20000000
2021-10-14,DELIST_CORP,25.00,26.00,24.00,25.50,500000
2021-10-14,SPY,400.00,405.00,398.00,402.00,70000000
2021-10-15,AAPL,150.00,155.00,149.00,152.00,50000000
2021-10-15,MSFT,250.00,255.00,248.00,252.00,30000000
2021-10-15,FB,200.00,205.00,198.00,202.00,20000000
2021-10-15,DELIST_CORP,25.00,26.00,24.00,25.50,500000
2021-10-15,SPY,400.00,405.00,398.00,402.00,70000000
2021-10-18,AAPL,150.00,155.00,149.00,152.00,50000000
2021-10-18,MSFT,250.00,255.00,248.00,252.00,30000000
2021-10-18,FB,200.00,205.00,198.00,202.00,20000000
2021-10-18,DELIST_CORP,25.00,26.00,24.00,25.50,500000
2021-10-18,SPY,400.00,405.00,398.00,402.00,70000000
2021-10-19,AAPL,150.00,155.00,149.00,152.00,50000000
2021-10-19,MSFT,250.00,255.00,248.00,252.00,30000000
2021-10-19,FB,200.00,205.00,198.00,202.00,20000000
2021-10-19,DELIST_CORP,25.00,26.00,24.00,25.50,500000
2021-10-19,SPY,400.00,405.00,398.00,402.00,70000000
2021-10-20,AAPL,150.00,155.00,149.00,152.00,50000000
2021-10-20,MSFT,250.00,255.00,248.00,252.00,30000000
2021-10-20,FB,200.00,205.00,198.00,202.00,20000000
2021-10-20,DELIST_CORP,25.00,26.00,24.00,25.50,500000
2021-10-20,SPY,400.00,405.00,398.00,402.00,70000000
2021-10-21,AAPL,150.00,155.00,149.00,152.00,50000000
2021-10-21,MSFT,250.00,255.00,248.00,252.00,30000000
2021-10-21,FB,200.00,205.00,198.00,202.00,20000000
2021-10-21,DELIST_CORP,25.00,26.00,24.00,25.50,500000
2021-10-21,SPY,400.00,405.00,398.00,402.00,70000000
2021-10-22,AAPL,150.00,155.00,149.00,152.00,50000000
2021-10-22,MSFT,250.00,255.00,248.00,252.00,30000000
2021-10-22,FB,200.00,205.00,198.00,202.00,20000000
2021-10-22,DELIST_CORP,25.00,26.00,24.00,25.50,500000
2021-10-22,SPY,400.00,405.00,398.00,402.00,70000000
2021-10-25,AAPL,150.00,155.00,149.00,152.00,50000000
2021-10-25,MSFT,250.00,255.00,248.00,252.00,30000000
2021-10-25,FB,200.00,205.00,198.00,202.00,20000000
2021-10-25,DELIST_CORP,25.00,26.00,24.00,25.50,500000
2021-10-25,SPY,400.00,405.00,398.00,402.00,70000000
2021-10-26,AAPL,150.00,155.00,149.00,152.00,50000000
2021-10-26,MSFT,250.00,255.00,248.00,252.00,30000000
2021-10-26,FB,200.00,205.00,198.00,202.00,20000000
2021-10-26,DELIST_CORP,25.00,26.00,24.00,25.50,500000
2021-10-26,SPY,400.00,405.00,398.00,402.00,70000000
2021-10-27,AAPL,150.00,155.00,149.00,152.00,50000000
2021-10-27,MSFT,250.00,255.00,248.00,252.00,30000000
2021-10-27,FB,200.00,205.00,198.00,202.00,20000000
2021-10-27,DELIST_CORP,25.00,26.00,24.00,25.50,500000
2021-10-27,SPY,400.00,405.00,398.00,402.00,70000000
2021-10-28,AAPL,150.00,155.00,149.00,152.00,50000000
2021-10-28,MSFT,250.00,255.00,248.00,252.00,30000000
2021-10-28,FB,200.00,205.00,198.00,202.00,20000000
2021-10-28,DELIST_CORP,25.00,26.00,24.00,25.50,500000
2021-10-28,SPY,400.00,405.00,398.00,402.00,70000000
2021-10-29,AAPL,150.00,155.00,149.00,152.00,50000000
2021-10-29,MSFT,250.00,255.00,248.00,252.00,30000000
2021-10-29,FB,200.00,205.00,198.00,202.00,20000000
2021-10-29,DELIST_CORP,25.00,26.00,24.00,25.50,500000
2021-10-29,SPY,400.00,405.00,398.00,402.00,70000000
2021-11-01,AAPL,150.00,155.00,149.00,152.00,50000000
2021-11-01,MSFT,250.00,255.00,248.00,252.00,30000000
2021-11-01,FB,200.00,205.00,198.00,202.00,20000000
2021-11-01,DELIST_CORP,25.00,26.00,24.00,25.50,500000
2021-11-01,SPY,400.00,405.00,398.00,402.00,70000000
2021-11-02,AAPL,150.00,155.00,149.00,152.00,50000000
2021-11-02,MSFT,250.00,255.00,248.00,252.00,30000000
2021-11-02,FB,200.00,205.00,198.00,202.00,20000000
2021-11-02,DELIST_CORP,25.00,26.00,24.00,25.50,500000
2021-11-02,SPY,400.00,405.00,398.00,402.00,70000000
2021-11-03,AAPL,150.00,155.00,149.00,152.00,50000000
2021-11-03,MSFT,250.00,255.00,248.00,252.00,30000000
2021-11-03,FB,200.00,205.00,198.00,202.00,20000000
2021-11-03,DELIST_CORP,25.00,26.00,24.00,25.50,500000
2021-11-03,SPY,400.00,405.00,398.00,402.00,70000000
2021-11-04,AAPL,150.00,155.00,149.00,152.00,50000000
2021-11-04,MSFT,250.00,255.00,248.00,252.00,30000000
2021-11-04,FB,200.00,205.00,198.00,202.00,20000000
2021-11-04,DELIST_CORP,25.00,26.00,24.00,25.50,500000
2021-11-04,SPY,400.00,405.00,398.00,402.00,70000000
2021-11-05,AAPL,150.00,155.00,149.00,152.00,50000000
2021-11-05,MSFT,250.00,255.00,248.00,252.00,30000000
2021-11-05,FB,200.00,205.00,198.00,202.00,20000000
2021-11-05,DELIST_CORP,25.00,26.00,24.00,25.50,500000
2021-11-05,SPY,400.00,405.00,398.00,402.00,70000000
2021-11-08,AAPL,150.00,155.00,149.00,152.00,50000000
2021-11-08,MSFT,250.00,255.00,248.00,252.00,30000000
2021-11-08,FB,200.00,205.00,198.00,202.00,20000000
2021-11-08,DELIST_CORP,25.00,26.00,24.00,25.50,500000
2021-11-08,SPY,400.00,405.00,398.00,402.00,70000000
2021-11-09,AAPL,150.00,155.00,149.00,152.00,50000000
2021-11-09,MSFT,250.00,255.00,248.00,252.00,30000000
2021-11-09,FB,200.00,205.00,198.00,202.00,20000000
2021-11-09,DELIST_CORP,25.00,26.00,24.00,25.50,500000
2021-11-09,SPY,400.00,405.00,398.00,402.00,70000000
2021-11-10,AAPL,150.00,155.00,149.00,152.00,50000000
2021-11-10,MSFT,250.00,255.00,248.00,252.00,30000000
2021-11-10,FB,200.00,205.00,198.00,202.00,20000000
2021-11-10,DELIST_CORP,25.00,26.00,24.00,25.50,500000
2021-11-10,SPY,400.00,405.00,398.00,402.00,70000000
2021-11-11,AAPL,150.00,155.00,149.00,152.00,50000000
2021-11-11,MSFT,250.00,255.00,248.00,252.00,30000000
2021-11-11,FB,200.00,205.00,198.00,202.00,20000000
2021-11-11,DELIST_CORP,25.00,26.00,24.00,25.50,500000
2021-11-11,SPY,400.00,405.00,398.00,402.00,70000000
2021-11-12,AAPL,150.00,155.00,149.00,152.00,50000000
2021-11-12,MSFT,250.00,255.00,248.00,252.00,30000000
2021-11-12,FB,200.00,205.00,198.00,202.00,20000000
2021-11-12,DELIST_CORP,25.00,26.00,24.00,25.50,500000
2021-11-12,SPY,400.00,405.00,398.00,402.00,70000000
2021-11-15,AAPL,150.00,155.00,149.00,152.00,50000000
2021-11-15,MSFT,250.00,255.00,248.00,252.00,30000000
2021-11-15,FB,200.00,205.00,198.00,202.00,20000000
2021-11-15,DELIST_CORP,25.00,26.00,24.00,25.50,500000
2021-11-15,SPY,400.00,405.00,398.00,402.00,70000000
2021-11-16,AAPL,150.00,155.00,149.00,152.00,50000000
2021-11-16,MSFT,250.00,255.00,248.00,252.00,30000000
2021-11-16,FB,200.00,205.00,198.00,202.00,20000000
2021-11-16,DELIST_CORP,25.00,26.00,24.00,25.50,500000
2021-11-16,SPY,400.00,405.00,398.00,402.00,70000000
2021-11-17,AAPL,150.00,155.00,149.00,152.00,50000000
2021-11-17,MSFT,250.00,255.00,248.00,252.00,30000000
2021-11-17,FB,200.00,205.00,198.00,202.00,20000000
2021-11-17,DELIST_CORP,25.00,26.00,24.00,25.50,500000
2021-11-17,SPY,400.00,405.00,398.00,402.00,70000000
2021-11-18,AAPL,150.00,155.00,149.00,152.00,50000000
2021-11-18,MSFT,250.00,255.00,248.00,252.00,30000000
2021-11-18,FB,200.00,205.00,198.00,202.00,20000000
2021-11-18,DELIST_CORP,25.00,26.00,24.00,25.50,500000
2021-11-18,SPY,400.00,405.00,398.00,402.00,70000000
2021-11-19,AAPL,150.00,155.00,149.00,152.00,50000000
2021-11-19,MSFT,250.00,255.00,248.00,252.00,30000000
2021-11-19,FB,200.00,205.00,198.00,202.00,20000000
2021-11-19,DELIST_CORP,25.00,26.00,24.00,25.50,500000
2021-11-19,SPY,400.00,405.00,398.00,402.00,70000000
2021-11-22,AAPL,150.00,155.00,149.00,152.00,50000000
2021-11-22,MSFT,250.00,255.00,248.00,252.00,30000000
2021-11-22,FB,200.00,205.00,198.00,202.00,20000000
2021-11-22,DELIST_CORP,25.00,26.00,24.00,25.50,500000
2021-11-22,SPY,400.00,405.00,398.00,402.00,70000000
2021-11-23,AAPL,150.00,155.00,149.00,152.00,50000000
2021-11-23,MSFT,250.00,255.00,248.00,252.00,30000000
2021-11-23,FB,200.00,205.00,198.00,202.00,20000000
2021-11-23,DELIST_CORP,25.00,26.00,24.00,25.50,500000
2021-11-23,SPY,400.00,405.00,398.00,402.00,70000000
2021-11-24,AAPL,150.00,155.00,149.00,152.00,50000000
2021-11-24,MSFT,250.00,255.00,248.00,252.00,30000000
2021-11-24,FB,200.00,205.00,198.00,202.00,20000000
2021-11-24,DELIST_CORP,25.00,26.00,24.00,25.50,500000
2021-11-24,SPY,400.00,405.00,398.00,402.00,70000000
2021-11-25,AAPL,150.00,155.00,149.00,152.00,50000000
2021-11-25,MSFT,250.00,255.00,248.00,252.00,30000000
2021-11-25,FB,200.00,205.00,198.00,202.00,20000000
2021-11-25,DELIST_CORP,25.00,26.00,24.00,25.50,500000
2021-11-25,SPY,400.00,405.00,398.00,402.00,70000000
2021-11-26,AAPL,150.00,155.00,149.00,152.00,50000000
2021-11-26,MSFT,250.00,255.00,248.00,252.00,30000000
2021-11-26,FB,200.00,205.00,198.00,202.00,20000000
2021-11-26,DELIST_CORP,25.00,26.00,24.00,25.50,500000
2021-11-26,SPY,400.00,405.00,398.00,402.00,70000000
2021-11-29,AAPL,150.00,155.00,149.00,152.00,50000000
2021-11-29,MSFT,250.00,255.00,248.00,252.00,30000000
2021-11-29,FB,200.00,205.00,198.00,202.00,20000000
2021-11-29,DELIST_CORP,25.00,26.00,24.00,25.50,500000
2021-11-29,SPY,400.00,405.00,398.00,402.00,70000000
2021-11-30,AAPL,150.00,155.00,149.00,152.00,50000000
2021-11-30,MSFT,250.00,255.00,248.00,252.00,30000000
2021-11-30,FB,200.00,205.00,198.00,202.00,20000000
2021-11-30,DELIST_CORP,25.00,26.00,24.00,25.50,500000
2021-11-30,SPY,400.00,405.00,398.00,402.00,70000000
2021-12-01,AAPL,150.00,155.00,149.00,152.00,50000000
2021-12-01,MSFT,250.00,255.00,248.00,252.00,30000000
2021-12-01,FB,200.00,205.00,198.00,202.00,20000000
2021-12-01,DELIST_CORP,25.00,26.00,24.00,25.50,500000
2021-12-01,SPY,400.00,405.00,398.00,402.00,70000000
2021-12-02,AAPL,150.00,155.00,149.00,152.00,50000000
2021-12-02,MSFT,250.00,255.00,248.00,252.00,30000000
2021-12-02,FB,200.00,205.00,198.00,202.00,20000000
2021-12-02,DELIST_CORP,25.00,26.00,24.00,25.50,500000
2021-12-02,SPY,400.00,405.00,398.00,402.00,70000000
2021-12-03,AAPL,150.00,155.00,149.00,152.00,50000000
2021-12-03,MSFT,250.00,255.00,248.00,252.00,30000000
2021-12-03,FB,200.00,205.00,198.00,202.00,20000000
2021-12-03,DELIST_CORP,25.00,26.00,24.00,25.50,500000
2021-12-03,SPY,400.00,405.00,398.00,402.00,70000000
2021-12-06,AAPL,150.00,155.00,149.00,152.00,50000000
2021-12-06,MSFT,250.00,255.00,248.00,252.00,30000000
2021-12-06,FB,200.00,205.00,198.00,202.00,20000000
2021-12-06,DELIST_CORP,25.00,26.00,24.00,25.50,500000
2021-12-06,SPY,400.00,405.00,398.00,402.00,70000000
2021-12-07,AAPL,150.00,155.00,149.00,152.00,50000000
2021-12-07,MSFT,250.00,255.00,248.00,252.00,30000000
2021-12-07,FB,200.00,205.00,198.00,202.00,20000000
2021-12-07,DELIST_CORP,25.00,26.00,24.00,25.50,500000
2021-12-07,SPY,400.00,405.00,398.00,402.00,70000000
2021-12-08,AAPL,150.00,155.00,149.00,152.00,50000000
2021-12-08,MSFT,250.00,255.00,248.00,252.00,30000000
2021-12-08,FB,200.00,205.00,198.00,202.00,20000000
2021-12-08,DELIST_CORP,25.00,26.00,24.00,25.50,500000
2021-12-08,SPY,400.00,405.00,398.00,402.00,70000000
2021-12-09,AAPL,150.00,155.00,149.00,152.00,50000000
2021-12-09,MSFT,250.00,255.00,248.00,252.00,30000000
2021-12-09,FB,200.00,205.00,198.00,202.00,20000000
2021-12-09,DELIST_CORP,25.00,26.00,24.00,25.50,500000
2021-12-09,SPY,400.00,405.00,398.00,402.00,70000000
2021-12-10,AAPL,150.00,155.00,149.00,152.00,50000000
2021-12-10,MSFT,250.00,255.00,248.00,252.00,30000000
2021-12-10,FB,200.00,205.00,198.00,202.00,20000000
2021-12-10,DELIST_CORP,25.00,26.00,24.00,25.50,500000
2021-12-10,SPY,400.00,405.00,398.00,402.00,70000000
2021-12-13,AAPL,150.00,155.00,149.00,152.00,50000000
2021-12-13,MSFT,250.00,255.00,248.00,252.00,30000000
2021-12-13,FB,200.00,205.00,198.00,202.00,20000000
2021-12-13,DELIST_CORP,25.00,26.00,24.00,25.50,500000
2021-12-13,SPY,400.00,405.00,398.00,402.00,70000000
2021-12-14,AAPL,150.00,155.00,149.00,152.00,50000000
2021-12-14,MSFT,250.00,255.00,248.00,252.00,30000000
2021-12-14,FB,200.00,205.00,198.00,202.00,20000000
2021-12-14,DELIST_CORP,25.00,26.00,24.00,25.50,500000
2021-12-14,SPY,400.00,405.00,398.00,402.00,70000000
2021-12-15,AAPL,150.00,155.00,149.00,152.00,50000000
2021-12-15,MSFT,250.00,255.00,248.00,252.00,30000000
2021-12-15,FB,200.00,205.00,198.00,202.00,20000000
2021-12-15,DELIST_CORP,25.00,26.00,24.00,25.50,500000
2021-12-15,SPY,400.00,405.00,398.00,402.00,70000000
2021-12-16,AAPL,150.00,155.00,149.00,152.00,50000000
2021-12-16,MSFT,250.00,255.00,248.00,252.00,30000000
2021-12-16,FB,200.00,205.00,198.00,202.00,20000000
2021-12-16,DELIST_CORP,25.00,26.00,24.00,25.50,500000
2021-12-16,SPY,400.00,405.00,398.00,402.00,70000000
2021-12-17,AAPL,150.00,155.00,149.00,152.00,50000000
2021-12-17,MSFT,250.00,255.00,248.00,252.00,30000000
2021-12-17,FB,200.00,205.00,198.00,202.00,20000000
2021-12-17,DELIST_CORP,25.00,26.00,24.00,25.50,500000
2021-12-17,SPY,400.00,405.00,398.00,402.00,70000000
2021-12-20,AAPL,150.00,155.00,149.00,152.00,50000000
2021-12-20,MSFT,250.00,255.00,248.00,252.00,30000000
2021-12-20,FB,200.00,205.00,198.00,202.00,20000000
2021-12-20,DELIST_CORP,25.00,26.00,24.00,25.50,500000
2021-12-20,SPY,400.00,405.00,398.00,402.00,70000000
2021-12-21,AAPL,150.00,155.00,149.00,152.00,50000000
2021-12-21,MSFT,250.00,255.00,248.00,252.00,30000000
2021-12-21,FB,200.00,205.00,198.00,202.00,20000000
2021-12-21,DELIST_CORP,25.00,26.00,24.00,25.50,500000
2021-12-21,SPY,400.00,405.00,398.00,402.00,70000000
2021-12-22,AAPL,150.00,155.00,149.00,152.00,50000000
2021-12-22,MSFT,250.00,255.00,248.00,252.00,30000000
2021-12-22,FB,200.00,205.00,198.00,202.00,20000000
2021-12-22,DELIST_CORP,25.00,26.00,24.00,25.50,500000
2021-12-22,SPY,400.00,405.00,398.00,402.00,70000000
2021-12-23,AAPL,150.00,155.00,149.00,152.00,50000000
2021-12-23,MSFT,250.00,255.00,248.00,252.00,30000000
2021-12-23,FB,200.00,205.00,198.00,202.00,20000000
2021-12-23,DELIST_CORP,25.00,26.00,24.00,25.50,500000
2021-12-23,SPY,400.00,405.00,398.00,402.00,70000000
2021-12-24,AAPL,150.00,155.00,149.00,152.00,50000000
2021-12-24,MSFT,250.00,255.00,248.00,252.00,30000000
2021-12-24,FB,200.00,205.00,198.00,202.00,20000000
2021-12-24,DELIST_CORP,25.00,26.00,24.00,25.50,500000
2021-12-24,SPY,400.00,405.00,398.00,402.00,70000000
2021-12-27,AAPL,150.00,155.00,149.00,152.00,50000000
2021-12-27,MSFT,250.00,255.00,248.00,252.00,30000000
2021-12-27,FB,200.00,205.00,198.00,202.00,20000000
2021-12-27,DELIST_CORP,25.00,26.00,24.00,25.50,500000
2021-12-27,SPY,400.00,405.00,398.00,402.00,70000000
2021-12-28,AAPL,150.00,155.00,149.00,152.00,50000000
2021-12-28,MSFT,250.00,255.00,248.00,252.00,30000000
2021-12-28,FB,200.00,205.00,198.00,202.00,20000000
2021-12-28,DELIST_CORP,25.00,26.00,24.00,25.50,500000
2021-12-28,SPY,400.00,405.00,398.00,402.00,70000000
2021-12-29,AAPL,150.00,155.00,149.00,152.00,50000000
2021-12-29,MSFT,250.00,255.00,248.00,252.00,30000000
2021-12-29,FB,200.00,205.00,198.00,202.00,20000000
2021-12-29,DELIST_CORP,25.00,26.00,24.00,25.50,500000
2021-12-29,SPY,400.00,405.00,398.00,402.00,70000000
2021-12-30,AAPL,150.00,155.00,149.00,152.00,50000000
2021-12-30,MSFT,250.00,255.00,248.00,252.00,30000000
2021-12-30,FB,200.00,205.00,198.00,202.00,20000000
2021-12-30,DELIST_CORP,25.00,26.00,24.00,25.50,500000
2021-12-30,SPY,400.00,405.00,398.00,402.00,70000000
2021-12-31,AAPL,150.00,155.00,149.00,152.00,50000000
2021-12-31,MSFT,250.00,255.00,248.00,252.00,30000000
2021-12-31,FB,200.00,205.00,198.00,202.00,20000000
2021-12-31,DELIST_CORP,25.00,26.00,24.00,25.50,500000
2021-12-31,SPY,400.00,405.00,398.00,402.00,70000000
2022-01-03,AAPL,150.00,155.00,149.00,152.00,50000000
2022-01-03,MSFT,250.00,255.00,248.00,252.00,30000000
2022-01-03,FB,200.00,205.00,198.00,202.00,20000000
2022-01-03,SPY,400.00,405.00,398.00,402.00,70000000
2022-01-04,AAPL,150.00,155.00,149.00,152.00,50000000
2022-01-04,MSFT,250.00,255.00,248.00,252.00,30000000
2022-01-04,FB,200.00,205.00,198.00,202.00,20000000
2022-01-04,SPY,400.00,405.00,398.00,402.00,70000000
2022-01-05,AAPL,150.00,155.00,149.00,152.00,50000000
2022-01-05,MSFT,250.00,255.00,248.00,252.00,30000000
2022-01-05,FB,200.00,205.00,198.00,202.00,20000000
2022-01-05,SPY,400.00,405.00,398.00,402.00,70000000
2022-01-06,AAPL,150.00,155.00,149.00,152.00,50000000
2022-01-06,MSFT,250.00,255.00,248.00,252.00,30000000
2022-01-06,FB,200.00,205.00,198.00,202.00,20000000
2022-01-06,SPY,400.00,405.00,398.00,402.00,70000000
2022-01-07,AAPL,150.00,155.00,149.00,152.00,50000000
2022-01-07,MSFT,250.00,255.00,248.00,252.00,30000000
2022-01-07,FB,200.00,205.00,198.00,202.00,20000000
2022-01-07,SPY,400.00,405.00,398.00,402.00,70000000
2022-01-10,AAPL,150.00,155.00,149.00,152.00,50000000
2022-01-10,MSFT,250.00,255.00,248.00,252.00,30000000
2022-01-10,FB,200.00,205.00,198.00,202.00,20000000
2022-01-10,SPY,400.00,405.00,398.00,402.00,70000000
2022-01-11,AAPL,150.00,155.00,149.00,152.00,50000000
2022-01-11,MSFT,250.00,255.00,248.00,252.00,30000000
2022-01-11,FB,200.00,205.00,198.00,202.00,20000000
2022-01-11,SPY,400.00,405.00,398.00,402.00,70000000
2022-01-12,AAPL,150.00,155.00,149.00,152.00,50000000
2022-01-12,MSFT,250.00,255.00,248.00,252.00,30000000
2022-01-12,FB,200.00,205.00,198.00,202.00,20000000
2022-01-12,SPY,400.00,405.00,398.00,402.00,70000000
2022-01-13,AAPL,150.00,155.00,149.00,152.00,50000000
2022-01-13,MSFT,250.00,255.00,248.00,252.00,30000000
2022-01-13,FB,200.00,205.00,198.00,202.00,20000000
2022-01-13,SPY,400.00,405.00,398.00,402.00,70000000
2022-01-14,AAPL,150.00,155.00,149.00,152.00,50000000
2022-01-14,MSFT,250.00,255.00,248.00,252.00,30000000
2022-01-14,FB,200.00,205.00,198.00,202.00,20000000
2022-01-14,SPY,400.00,405.00,398.00,402.00,70000000
2022-01-17,AAPL,150.00,155.00,149.00,152.00,50000000
2022-01-17,MSFT,250.00,255.00,248.00,252.00,30000000
2022-01-17,FB,200.00,205.00,198.00,202.00,20000000
2022-01-17,SPY,400.00,405.00,398.00,402.00,70000000
2022-01-18,AAPL,150.00,155.00,149.00,152.00,50000000
2022-01-18,MSFT,250.00,255.00,248.00,252.00,30000000
2022-01-18,FB,200.00,205.00,198.00,202.00,20000000
2022-01-18,SPY,400.00,405.00,398.00,402.00,70000000
2022-01-19,AAPL,150.00,155.00,149.00,152.00,50000000
2022-01-19,MSFT,250.00,255.00,248.00,252.00,30000000
2022-01-19,FB,200.00,205.00,198.00,202.00,20000000
2022-01-19,SPY,400.00,405.00,398.00,402.00,70000000
2022-01-20,AAPL,150.00,155.00,149.00,152.00,50000000
2022-01-20,MSFT,250.00,255.00,248.00,252.00,30000000
2022-01-20,FB,200.00,205.00,198.00,202.00,20000000
2022-01-20,SPY,400.00,405.00,398.00,402.00,70000000
2022-01-21,AAPL,150.00,155.00,149.00,152.00,50000000
2022-01-21,MSFT,250.00,255.00,248.00,252.00,30000000
2022-01-21,FB,200.00,205.00,198.00,202.00,20000000
2022-01-21,SPY,400.00,405.00,398.00,402.00,70000000
2022-01-24,AAPL,150.00,155.00,149.00,152.00,50000000
2022-01-24,MSFT,250.00,255.00,248.00,252.00,30000000
2022-01-24,FB,200.00,205.00,198.00,202.00,20000000
2022-01-24,SPY,400.00,405.00,398.00,402.00,70000000
2022-01-25,AAPL,150.00,155.00,149.00,152.00,50000000
2022-01-25,MSFT,250.00,255.00,248.00,252.00,30000000
2022-01-25,FB,200.00,205.00,198.00,202.00,20000000
2022-01-25,SPY,400.00,405.00,398.00,402.00,70000000
2022-01-26,AAPL,150.00,155.00,149.00,152.00,50000000
2022-01-26,MSFT,250.00,255.00,248.00,252.00,30000000
2022-01-26,FB,200.00,205.00,198.00,202.00,20000000
2022-01-26,SPY,400.00,405.00,398.00,402.00,70000000
2022-01-27,AAPL,150.00,155.00,149.00,152.00,50000000
2022-01-27,MSFT,250.00,255.00,248.00,252.00,30000000
2022-01-27,FB,200.00,205.00,198.00,202.00,20000000
2022-01-27,SPY,400.00,405.00,398.00,402.00,70000000
2022-01-28,AAPL,150.00,155.00,149.00,152.00,50000000
2022-01-28,MSFT,250.00,255.00,248.00,252.00,30000000
2022-01-28,FB,200.00,205.00,198.00,202.00,20000000
2022-01-28,SPY,400.00,405.00,398.00,402.00,70000000
2022-01-31,AAPL,150.00,155.00,149.00,152.00,50000000
2022-01-31,MSFT,250.00,255.00,248.00,252.00,30000000
2022-01-31,FB,200.00,205.00,198.00,202.00,20000000
2022-01-31,SPY,400.00,405.00,398.00,402.00,70000000
2022-02-01,AAPL,150.00,155.00,149.00,152.00,50000000
2022-02-01,MSFT,250.00,255.00,248.00,252.00,30000000
2022-02-01,FB,200.00,205.00,198.00,202.00,20000000
2022-02-01,SPY,400.00,405.00,398.00,402.00,70000000
2022-02-02,AAPL,150.00,155.00,149.00,152.00,50000000
2022-02-02,MSFT,250.00,255.00,248.00,252.00,30000000
2022-02-02,FB,200.00,205.00,198.00,202.00,20000000
2022-02-02,SPY,400.00,405.00,398.00,402.00,70000000
2022-02-03,AAPL,150.00,155.00,149.00,152.00,50000000
2022-02-03,MSFT,250.00,255.00,248.00,252.00,30000000
2022-02-03,FB,200.00,205.00,198.00,202.00,20000000
2022-02-03,SPY,400.00,405.00,398.00,402.00,70000000
2022-02-04,AAPL,150.00,155.00,149.00,152.00,50000000
2022-02-04,MSFT,250.00,255.00,248.00,252.00,30000000
2022-02-04,FB,200.00,205.00,198.00,202.00,20000000
2022-02-04,SPY,400.00,405.00,398.00,402.00,70000000
2022-02-07,AAPL,150.00,155.00,149.00,152.00,50000000
2022-02-07,MSFT,250.00,255.00,248.00,252.00,30000000
2022-02-07,FB,200.00,205.00,198.00,202.00,20000000
2022-02-07,SPY,400.00,405.00,398.00,402.00,70000000
2022-02-08,AAPL,150.00,155.00,149.00,152.00,50000000
2022-02-08,MSFT,250.00,255.00,248.00,252.00,30000000
2022-02-08,FB,200.00,205.00,198.00,202.00,20000000
2022-02-08,SPY,400.00,405.00,398.00,402.00,70000000
2022-02-09,AAPL,150.00,155.00,149.00,152.00,50000000
2022-02-09,MSFT,250.00,255.00,248.00,252.00,30000000
2022-02-09,FB,200.00,205.00,198.00,202.00,20000000
2022-02-09,SPY,400.00,405.00,398.00,402.00,70000000
2022-02-10,AAPL,150.00,155.00,149.00,152.00,50000000
2022-02-10,MSFT,250.00,255.00,248.00,252.00,30000000
2022-02-10,FB,200.00,205.00,198.00,202.00,20000000
2022-02-10,SPY,400.00,405.00,398.00,402.00,70000000
2022-02-11,AAPL,150.00,155.00,149.00,152.00,50000000
2022-02-11,MSFT,250.00,255.00,248.00,252.00,30000000
2022-02-11,FB,200.00,205.00,198.00,202.00,20000000
2022-02-11,SPY,400.00,405.00,398.00,402.00,70000000
2022-02-14,AAPL,150.00,155.00,149.00,152.00,50000000
2022-02-14,MSFT,250.00,255.00,248.00,252.00,30000000
2022-02-14,FB,200.00,205.00,198.00,202.00,20000000
2022-02-14,SPY,400.00,405.00,398.00,402.00,70000000
2022-02-15,AAPL,150.00,155.00,149.00,152.00,50000000
2022-02-15,MSFT,250.00,255.00,248.00,252.00,30000000
2022-02-15,FB,200.00,205.00,198.00,202.00,20000000
2022-02-15,SPY,400.00,405.00,398.00,402.00,70000000
2022-02-16,AAPL,150.00,155.00,149.00,152.00,50000000
2022-02-16,MSFT,250.00,255.00,248.00,252.00,30000000
2022-02-16,FB,200.00,205.00,198.00,202.00,20000000
2022-02-16,SPY,400.00,405.00,398.00,402.00,70000000
2022-02-17,AAPL,150.00,155.00,149.00,152.00,50000000
2022-02-17,MSFT,250.00,255.00,248.00,252.00,30000000
2022-02-17,FB,200.00,205.00,198.00,202.00,20000000
2022-02-17,SPY,400.00,405.00,398.00,402.00,70000000
2022-02-18,AAPL,150.00,155.00,149.00,152.00,50000000
2022-02-18,MSFT,250.00,255.00,248.00,252.00,30000000
2022-02-18,FB,200.00,205.00,198.00,202.00,20000000
2022-02-18,SPY,400.00,405.00,398.00,402.00,70000000
2022-02-21,AAPL,150.00,155.00,149.00,152.00,50000000
2022-02-21,MSFT,250.00,255.00,248.00,252.00,30000000
2022-02-21,FB,200.00,205.00,198.00,202.00,20000000
2022-02-21,SPY,400.00,405.00,398.00,402.00,70000000
2022-02-22,AAPL,150.00,155.00,149.00,152.00,50000000
2022-02-22,MSFT,250.00,255.00,248.00,252.00,30000000
2022-02-22,FB,200.00,205.00,198.00,202.00,20000000
2022-02-22,SPY,400.00,405.00,398.00,402.00,70000000
2022-02-23,AAPL,150.00,155.00,149.00,152.00,50000000
2022-02-23,MSFT,250.00,255.00,248.00,252.00,30000000
2022-02-23,FB,200.00,205.00,198.00,202.00,20000000
2022-02-23,SPY,400.00,405.00,398.00,402.00,70000000
2022-02-24,AAPL,150.00,155.00,149.00,152.00,50000000
2022-02-24,MSFT,250.00,255.00,248.00,252.00,30000000
2022-02-24,FB,200.00,205.00,198.00,202.00,20000000
2022-02-24,SPY,400.00,405.00,398.00,402.00,70000000
2022-02-25,AAPL,150.00,155.00,149.00,152.00,50000000
2022-02-25,MSFT,250.00,255.00,248.00,252.00,30000000
2022-02-25,FB,200.00,205.00,198.00,202.00,20000000
2022-02-25,SPY,400.00,405.00,398.00,402.00,70000000
2022-02-28,AAPL,150.00,155.00,149.00,152.00,50000000
2022-02-28,MSFT,250.00,255.00,248.00,252.00,30000000
2022-02-28,FB,200.00,205.00,198.00,202.00,20000000
2022-02-28,SPY,400.00,405.00,398.00,402.00,70000000
2022-03-01,AAPL,150.00,155.00,149.00,152.00,50000000
2022-03-01,MSFT,250.00,255.00,248.00,252.00,30000000
2022-03-01,FB,200.00,205.00,198.00,202.00,20000000
2022-03-01,SPY,400.00,405.00,398.00,402.00,70000000
2022-03-02,AAPL,150.00,155.00,149.00,152.00,50000000
2022-03-02,MSFT,250.00,255.00,248.00,252.00,30000000
2022-03-02,FB,200.00,205.00,198.00,202.00,20000000
2022-03-02,SPY,400.00,405.00,398.00,402.00,70000000
2022-03-03,AAPL,150.00,155.00,149.00,152.00,50000000
2022-03-03,MSFT,250.00,255.00,248.00,252.00,30000000
2022-03-03,FB,200.00,205.00,198.00,202.00,20000000
2022-03-03,SPY,400.00,405.00,398.00,402.00,70000000
2022-03-04,AAPL,150.00,155.00,149.00,152.00,50000000
2022-03-04,MSFT,250.00,255.00,248.00,252.00,30000000
2022-03-04,FB,200.00,205.00,198.00,202.00,20000000
2022-03-04,SPY,400.00,405.00,398.00,402.00,70000000
2022-03-07,AAPL,150.00,155.00,149.00,152.00,50000000
2022-03-07,MSFT,250.00,255.00,248.00,252.00,30000000
2022-03-07,FB,200.00,205.00,198.00,202.00,20000000
2022-03-07,SPY,400.00,405.00,398.00,402.00,70000000
2022-03-08,AAPL,150.00,155.00,149.00,152.00,50000000
2022-03-08,MSFT,250.00,255.00,248.00,252.00,30000000
2022-03-08,FB,200.00,205.00,198.00,202.00,20000000
2022-03-08,SPY,400.00,405.00,398.00,402.00,70000000
2022-03-09,AAPL,150.00,155.00,149.00,152.00,50000000
2022-03-09,MSFT,250.00,255.00,248.00,252.00,30000000
2022-03-09,FB,200.00,205.00,198.00,202.00,20000000
2022-03-09,SPY,400.00,405.00,398.00,402.00,70000000
2022-03-10,AAPL,150.00,155.00,149.00,152.00,50000000
2022-03-10,MSFT,250.00,255.00,248.00,252.00,30000000
2022-03-10,FB,200.00,205.00,198.00,202.00,20000000
2022-03-10,SPY,400.00,405.00,398.00,402.00,70000000
2022-03-11,AAPL,150.00,155.00,149.00,152.00,50000000
2022-03-11,MSFT,250.00,255.00,248.00,252.00,30000000
2022-03-11,FB,200.00,205.00,198.00,202.00,20000000
2022-03-11,SPY,400.00,405.00,398.00,402.00,70000000
2022-03-14,AAPL,150.00,155.00,149.00,152.00,50000000
2022-03-14,MSFT,250.00,255.00,248.00,252.00,30000000
2022-03-14,FB,200.00,205.00,198.00,202.00,20000000
2022-03-14,SPY,400.00,405.00,398.00,402.00,70000000
2022-03-15,AAPL,150.00,155.00,149.00,152.00,50000000
2022-03-15,MSFT,250.00,255.00,248.00,252.00,30000000
2022-03-15,FB,200.00,205.00,198.00,202.00,20000000
2022-03-15,SPY,400.00,405.00,398.00,402.00,70000000
2022-03-16,AAPL,150.00,155.00,149.00,152.00,50000000
2022-03-16,MSFT,250.00,255.00,248.00,252.00,30000000
2022-03-16,FB,200.00,205.00,198.00,202.00,20000000
2022-03-16,SPY,400.00,405.00,398.00,402.00,70000000
2022-03-17,AAPL,150.00,155.00,149.00,152.00,50000000
2022-03-17,MSFT,250.00,255.00,248.00,252.00,30000000
2022-03-17,FB,200.00,205.00,198.00,202.00,20000000
2022-03-17,SPY,400.00,405.00,398.00,402.00,70000000
2022-03-18,AAPL,150.00,155.00,149.00,152.00,50000000
2022-03-18,MSFT,250.00,255.00,248.00,252.00,30000000
2022-03-18,FB,200.00,205.00,198.00,202.00,20000000
2022-03-18,SPY,400.00,405.00,398.00,402.00,70000000
2022-03-21,AAPL,150.00,155.00,149.00,152.00,50000000
2022-03-21,MSFT,250.00,255.00,248.00,252.00,30000000
2022-03-21,FB,200.00,205.00,198.00,202.00,20000000
2022-03-21,SPY,400.00,405.00,398.00,402.00,70000000
2022-03-22,AAPL,150.00,155.00,149.00,152.00,50000000
2022-03-22,MSFT,250.00,255.00,248.00,252.00,30000000
2022-03-22,FB,200.00,205.00,198.00,202.00,20000000
2022-03-22,SPY,400.00,405.00,398.00,402.00,70000000
2022-03-23,AAPL,150.00,155.00,149.00,152.00,50000000
2022-03-23,MSFT,250.00,255.00,248.00,252.00,30000000
2022-03-23,FB,200.00,205.00,198.00,202.00,20000000
2022-03-23,SPY,400.00,405.00,398.00,402.00,70000000
2022-03-24,AAPL,150.00,155.00,149.00,152.00,50000000
2022-03-24,MSFT,250.00,255.00,248.00,252.00,30000000
2022-03-24,FB,200.00,205.00,198.00,202.00,20000000
2022-03-24,SPY,400.00,405.00,398.00,402.00,70000000
2022-03-25,AAPL,150.00,155.00,149.00,152.00,50000000
2022-03-25,MSFT,250.00,255.00,248.00,252.00,30000000
2022-03-25,FB,200.00,205.00,198.00,202.00,20000000
2022-03-25,SPY,400.00,405.00,398.00,402.00,70000000
2022-03-28,AAPL,150.00,155.00,149.00,152.00,50000000
2022-03-28,MSFT,250.00,255.00,248.00,252.00,30000000
2022-03-28,FB,200.00,205.00,198.00,202.00,20000000
2022-03-28,SPY,400.00,405.00,398.00,402.00,70000000
2022-03-29,AAPL,150.00,155.00,149.00,152.00,50000000
2022-03-29,MSFT,250.00,255.00,248.00,252.00,30000000
2022-03-29,FB,200.00,205.00,198.00,202.00,20000000
2022-03-29,SPY,400.00,405.00,398.00,402.00,70000000
2022-03-30,AAPL,150.00,155.00,149.00,152.00,50000000
2022-03-30,MSFT,250.00,255.00,248.00,252.00,30000000
2022-03-30,FB,200.00,205.00,198.00,202.00,20000000
2022-03-30,SPY,400.00,405.00,398.00,402.00,70000000
2022-03-31,AAPL,150.00,155.00,149.00,152.00,50000000
2022-03-31,MSFT,250.00,255.00,248.00,252.00,30000000
2022-03-31,FB,200.00,205.00,198.00,202.00,20000000
2022-03-31,SPY,400.00,405.00,398.00,402.00,70000000
2022-04-01,AAPL,150.00,155.00,149.00,152.00,50000000
2022-04-01,MSFT,250.00,255.00,248.00,252.00,30000000
2022-04-01,FB,200.00,205.00,198.00,202.00,20000000
2022-04-01,SPY,400.00,405.00,398.00,402.00,70000000
2022-04-04,AAPL,150.00,155.00,149.00,152.00,50000000
2022-04-04,MSFT,250.00,255.00,248.00,252.00,30000000
2022-04-04,FB,200.00,205.00,198.00,202.00,20000000
2022-04-04,SPY,400.00,405.00,398.00,402.00,70000000
2022-04-05,AAPL,150.00,155.00,149.00,152.00,50000000
2022-04-05,MSFT,250.00,255.00,248.00,252.00,30000000
2022-04-05,FB,200.00,205.00,198.00,202.00,20000000
2022-04-05,SPY,400.00,405.00,398.00,402.00,70000000
2022-04-06,AAPL,150.00,155.00,149.00,152.00,50000000
2022-04-06,MSFT,250.00,255.00,248.00,252.00,30000000
2022-04-06,FB,200.00,205.00,198.00,202.00,20000000
2022-04-06,SPY,400.00,405.00,398.00,402.00,70000000
2022-04-07,AAPL,150.00,155.00,149.00,152.00,50000000
2022-04-07,MSFT,250.00,255.00,248.00,252.00,30000000
2022-04-07,FB,200.00,205.00,198.00,202.00,20000000
2022-04-07,SPY,400.00,405.00,398.00,402.00,70000000
2022-04-08,AAPL,150.00,155.00,149.00,152.00,50000000
2022-04-08,MSFT,250.00,255.00,248.00,252.00,30000000
2022-04-08,FB,200.00,205.00,198.00,202.00,20000000
2022-04-08,SPY,400.00,405.00,398.00,402.00,70000000
2022-04-11,AAPL,150.00,155.00,149.00,152.00,50000000
2022-04-11,MSFT,250.00,255.00,248.00,252.00,30000000
2022-04-11,FB,200.00,205.00,198.00,202.00,20000000
2022-04-11,SPY,400.00,405.00,398.00,402.00,70000000
2022-04-12,AAPL,150.00,155.00,149.00,152.00,50000000
2022-04-12,MSFT,250.00,255.00,248.00,252.00,30000000
2022-04-12,FB,200.00,205.00,198.00,202.00,20000000
2022-04-12,SPY,400.00,405.00,398.00,402.00,70000000
2022-04-13,AAPL,150.00,155.00,149.00,152.00,50000000
2022-04-13,MSFT,250.00,255.00,248.00,252.00,30000000
2022-04-13,FB,200.00,205.00,198.00,202.00,20000000
2022-04-13,SPY,400.00,405.00,398.00,402.00,70000000
2022-04-14,AAPL,150.00,155.00,149.00,152.00,50000000
2022-04-14,MSFT,250.00,255.00,248.00,252.00,30000000
2022-04-14,FB,200.00,205.00,198.00,202.00,20000000
2022-04-14,SPY,400.00,405.00,398.00,402.00,70000000
2022-04-15,AAPL,150.00,155.00,149.00,152.00,50000000
2022-04-15,MSFT,250.00,255.00,248.00,252.00,30000000
2022-04-15,FB,200.00,205.00,198.00,202.00,20000000
2022-04-15,SPY,400.00,405.00,398.00,402.00,70000000
2022-04-18,AAPL,150.00,155.00,149.00,152.00,50000000
2022-04-18,MSFT,250.00,255.00,248.00,252.00,30000000
2022-04-18,FB,200.00,205.00,198.00,202.00,20000000
2022-04-18,SPY,400.00,405.00,398.00,402.00,70000000
2022-04-19,AAPL,150.00,155.00,149.00,152.00,50000000
2022-04-19,MSFT,250.00,255.00,248.00,252.00,30000000
2022-04-19,FB,200.00,205.00,198.00,202.00,20000000
2022-04-19,SPY,400.00,405.00,398.00,402.00,70000000
2022-04-20,AAPL,150.00,155.00,149.00,152.00,50000000
2022-04-20,MSFT,250.00,255.00,248.00,252.00,30000000
2022-04-20,FB,200.00,205.00,198.00,202.00,20000000
2022-04-20,SPY,400.00,405.00,398.00,402.00,70000000
2022-04-21,AAPL,150.00,155.00,149.00,152.00,50000000
2022-04-21,MSFT,250.00,255.00,248.00,252.00,30000000
2022-04-21,FB,200.00,205.00,198.00,202.00,20000000
2022-04-21,SPY,400.00,405.00,398.00,402.00,70000000
2022-04-22,AAPL,150.00,155.00,149.00,152.00,50000000
2022-04-22,MSFT,250.00,255.00,248.00,252.00,30000000
2022-04-22,FB,200.00,205.00,198.00,202.00,20000000
2022-04-22,SPY,400.00,405.00,398.00,402.00,70000000
2022-04-25,AAPL,150.00,155.00,149.00,152.00,50000000
2022-04-25,MSFT,250.00,255.00,248.00,252.00,30000000
2022-04-25,FB,200.00,205.00,198.00,202.00,20000000
2022-04-25,SPY,400.00,405.00,398.00,402.00,70000000
2022-04-26,AAPL,150.00,155.00,149.00,152.00,50000000
2022-04-26,MSFT,250.00,255.00,248.00,252.00,30000000
2022-04-26,FB,200.00,205.00,198.00,202.00,20000000
2022-04-26,SPY,400.00,405.00,398.00,402.00,70000000
2022-04-27,AAPL,150.00,155.00,149.00,152.00,50000000
2022-04-27,MSFT,250.00,255.00,248.00,252.00,30000000
2022-04-27,FB,200.00,205.00,198.00,202.00,20000000
2022-04-27,SPY,400.00,405.00,398.00,402.00,70000000
2022-04-28,AAPL,150.00,155.00,149.00,152.00,50000000
2022-04-28,MSFT,250.00,255.00,248.00,252.00,30000000
2022-04-28,FB,200.00,205.00,198.00,202.00,20000000
2022-04-28,SPY,400.00,405.00,398.00,402.00,70000000
2022-04-29,AAPL,150.00,155.00,149.00,152.00,50000000
2022-04-29,MSFT,250.00,255.00,248.00,252.00,30000000
2022-04-29,FB,200.00,205.00,198.00,202.00,20000000
2022-04-29,SPY,400.00,405.00,398.00,402.00,70000000
2022-05-02,AAPL,150.00,155.00,149.00,152.00,50000000
2022-05-02,MSFT,250.00,255.00,248.00,252.00,30000000
2022-05-02,FB,200.00,205.00,198.00,202.00,20000000
2022-05-02,SPY,400.00,405.00,398.00,402.00,70000000
2022-05-03,AAPL,150.00,155.00,149.00,152.00,50000000
2022-05-03,MSFT,250.00,255.00,248.00,252.00,30000000
2022-05-03,FB,200.00,205.00,198.00,202.00,20000000
2022-05-03,SPY,400.00,405.00,398.00,402.00,70000000
2022-05-04,AAPL,150.00,155.00,149.00,152.00,50000000
2022-05-04,MSFT,250.00,255.00,248.00,252.00,30000000
2022-05-04,FB,200.00,205.00,198.00,202.00,20000000
2022-05-04,SPY,400.00,405.00,398.00,402.00,70000000
2022-05-05,AAPL,150.00,155.00,149.00,152.00,50000000
2022-05-05,MSFT,250.00,255.00,248.00,252.00,30000000
2022-05-05,FB,200.00,205.00,198.00,202.00,20000000
2022-05-05,SPY,400.00,405.00,398.00,402.00,70000000
2022-05-06,AAPL,150.00,155.00,149.00,152.00,50000000
2022-05-06,MSFT,250.00,255.00,248.00,252.00,30000000
2022-05-06,FB,200.00,205.00,198.00,202.00,20000000
2022-05-06,SPY,400.00,405.00,398.00,402.00,70000000
2022-05-09,AAPL,150.00,155.00,149.00,152.00,50000000
2022-05-09,MSFT,250.00,255.00,248.00,252.00,30000000
2022-05-09,FB,200.00,205.00,198.00,202.00,20000000
2022-05-09,SPY,400.00,405.00,398.00,402.00,70000000
2022-05-10,AAPL,150.00,155.00,149.00,152.00,50000000
2022-05-10,MSFT,250.00,255.00,248.00,252.00,30000000
2022-05-10,FB,200.00,205.00,198.00,202.00,20000000
2022-05-10,SPY,400.00,405.00,398.00,402.00,70000000
2022-05-11,AAPL,150.00,155.00,149.00,152.00,50000000
2022-05-11,MSFT,250.00,255.00,248.00,252.00,30000000
2022-05-11,FB,200.00,205.00,198.00,202.00,20000000
2022-05-11,SPY,400.00,405.00,398.00,402.00,70000000
2022-05-12,AAPL,150.00,155.00,149.00,152.00,50000000
2022-05-12,MSFT,250.00,255.00,248.00,252.00,30000000
2022-05-12,FB,200.00,205.00,198.00,202.00,20000000
2022-05-12,SPY,400.00,405.00,398.00,402.00,70000000
2022-05-13,AAPL,150.00,155.00,149.00,152.00,50000000
2022-05-13,MSFT,250.00,255.00,248.00,252.00,30000000
2022-05-13,FB,200.00,205.00,198.00,202.00,20000000
2022-05-13,SPY,400.00,405.00,398.00,402.00,70000000
2022-05-16,AAPL,150.00,155.00,149.00,152.00,50000000
2022-05-16,MSFT,250.00,255.00,248.00,252.00,30000000
2022-05-16,FB,200.00,205.00,198.00,202.00,20000000
2022-05-16,SPY,400.00,405.00,398.00,402.00,70000000
2022-05-17,AAPL,150.00,155.00,149.00,152.00,50000000
2022-05-17,MSFT,250.00,255.00,248.00,252.00,30000000
2022-05-17,FB,200.00,205.00,198.00,202.00,20000000
2022-05-17,SPY,400.00,405.00,398.00,402.00,70000000
2022-05-18,AAPL,150.00,155.00,149.00,152.00,50000000
2022-05-18,MSFT,250.00,255.00,248.00,252.00,30000000
2022-05-18,FB,200.00,205.00,198.00,202.00,20000000
2022-05-18,SPY,400.00,405.00,398.00,402.00,70000000
2022-05-19,AAPL,150.00,155.00,149.00,152.00,50000000
2022-05-19,MSFT,250.00,255.00,248.00,252.00,30000000
2022-05-19,FB,200.00,205.00,198.00,202.00,20000000
2022-05-19,SPY,400.00,405.00,398.00,402.00,70000000
2022-05-20,AAPL,150.00,155.00,149.00,152.00,50000000
2022-05-20,MSFT,250.00,255.00,248.00,252.00,30000000
2022-05-20,FB,200.00,205.00,198.00,202.00,20000000
2022-05-20,SPY,400.00,405.00,398.00,402.00,70000000
2022-05-23,AAPL,150.00,155.00,149.00,152.00,50000000
2022-05-23,MSFT,250.00,255.00,248.00,252.00,30000000
2022-05-23,FB,200.00,205.00,198.00,202.00,20000000
2022-05-23,SPY,400.00,405.00,398.00,402.00,70000000
2022-05-24,AAPL,150.00,155.00,149.00,152.00,50000000
2022-05-24,MSFT,250.00,255.00,248.00,252.00,30000000
2022-05-24,FB,200.00,205.00,198.00,202.00,20000000
2022-05-24,SPY,400.00,405.00,398.00,402.00,70000000
2022-05-25,AAPL,150.00,155.00,149.00,152.00,50000000
2022-05-25,MSFT,250.00,255.00,248.00,252.00,30000000
2022-05-25,FB,200.00,205.00,198.00,202.00,20000000
2022-05-25,SPY,400.00,405.00,398.00,402.00,70000000
2022-05-26,AAPL,150.00,155.00,149.00,152.00,50000000
2022-05-26,MSFT,250.00,255.00,248.00,252.00,30000000
2022-05-26,FB,200.00,205.00,198.00,202.00,20000000
2022-05-26,SPY,400.00,405.00,398.00,402.00,70000000
2022-05-27,AAPL,150.00,155.00,149.00,152.00,50000000
2022-05-27,MSFT,250.00,255.00,248.00,252.00,30000000
2022-05-27,FB,200.00,205.00,198.00,202.00,20000000
2022-05-27,SPY,400.00,405.00,398.00,402.00,70000000
2022-05-30,AAPL,150.00,155.00,149.00,152.00,50000000
2022-05-30,MSFT,250.00,255.00,248.00,252.00,30000000
2022-05-30,FB,200.00,205.00,198.00,202.00,20000000
2022-05-30,SPY,400.00,405.00,398.00,402.00,70000000
2022-05-31,AAPL,150.00,155.00,149.00,152.00,50000000
2022-05-31,MSFT,250.00,255.00,248.00,252.00,30000000
2022-05-31,FB,200.00,205.00,198.00,202.00,20000000
2022-05-31,SPY,400.00,405.00,398.00,402.00,70000000
2022-06-01,AAPL,150.00,155.00,149.00,152.00,50000000
2022-06-01,MSFT,250.00,255.00,248.00,252.00,30000000
2022-06-01,FB,200.00,205.00,198.00,202.00,20000000
2022-06-01,SPY,400.00,405.00,398.00,402.00,70000000
2022-06-02,AAPL,150.00,155.00,149.00,152.00,50000000
2022-06-02,MSFT,250.00,255.00,248.00,252.00,30000000
2022-06-02,FB,200.00,205.00,198.00,202.00,20000000
2022-06-02,SPY,400.00,405.00,398.00,402.00,70000000
2022-06-03,AAPL,150.00,155.00,149.00,152.00,50000000
2022-06-03,MSFT,250.00,255.00,248.00,252.00,30000000
2022-06-03,FB,200.00,205.00,198.00,202.00,20000000
2022-06-03,SPY,400.00,405.00,398.00,402.00,70000000
2022-06-06,AAPL,150.00,155.00,149.00,152.00,50000000
2022-06-06,MSFT,250.00,255.00,248.00,252.00,30000000
2022-06-06,FB,200.00,205.00,198.00,202.00,20000000
2022-06-06,SPY,400.00,405.00,398.00,402.00,70000000
2022-06-07,AAPL,150.00,155.00,149.00,152.00,50000000
2022-06-07,MSFT,250.00,255.00,248.00,252.00,30000000
2022-06-07,FB,200.00,205.00,198.00,202.00,20000000
2022-06-07,SPY,400.00,405.00,398.00,402.00,70000000
2022-06-08,AAPL,150.00,155.00,149.00,152.00,50000000
2022-06-08,MSFT,250.00,255.00,248.00,252.00,30000000
2022-06-08,FB,200.00,205.00,198.00,202.00,20000000
2022-06-08,SPY,400.00,405.00,398.00,402.00,70000000
2022-06-09,AAPL,150.00,155.00,149.00,152.00,50000000
2022-06-09,MSFT,250.00,255.00,248.00,252.00,30000000
2022-06-09,META,210.00,215.00,208.00,212.00,22000000
2022-06-09,SPY,400.00,405.00,398.00,402.00,70000000
2022-06-10,AAPL,150.00,155.00,149.00,152.00,50000000
2022-06-10,MSFT,250.00,255.00,248.00,252.00,30000000
2022-06-10,META,210.00,215.00,208.00,212.00,22000000
2022-06-10,SPY,400.00,405.00,398.00,402.00,70000000
2022-06-13,AAPL,150.00,155.00,149.00,152.00,50000000
2022-06-13,MSFT,250.00,255.00,248.00,252.00,30000000
2022-06-13,META,210.00,215.00,208.00,212.00,22000000
2022-06-13,SPY,400.00,405.00,398.00,402.00,70000000
2022-06-14,AAPL,150.00,155.00,149.00,152.00,50000000
2022-06-14,MSFT,250.00,255.00,248.00,252.00,30000000
2022-06-14,META,210.00,215.00,208.00,212.00,22000000
2022-06-14,SPY,400.00,405.00,398.00,402.00,70000000
2022-06-15,AAPL,150.00,155.00,149.00,152.00,50000000
2022-06-15,MSFT,250.00,255.00,248.00,252.00,30000000
2022-06-15,META,210.00,215.00,208.00,212.00,22000000
2022-06-15,SPY,400.00,405.00,398.00,402.00,70000000
2022-06-16,AAPL,150.00,155.00,149.00,152.00,50000000
2022-06-16,MSFT,250.00,255.00,248.00,252.00,30000000
2022-06-16,META,210.00,215.00,208.00,212.00,22000000
2022-06-16,SPY,400.00,405.00,398.00,402.00,70000000
2022-06-17,AAPL,150.00,155.00,149.00,152.00,50000000
2022-06-17,MSFT,250.00,255.00,248.00,252.00,30000000
2022-06-17,META,210.00,215.00,208.00,212.00,22000000
2022-06-17,SPY,400.00,405.00,398.00,402.00,70000000
2022-06-20,AAPL,150.00,155.00,149.00,152.00,50000000
2022-06-20,MSFT,250.00,255.00,248.00,252.00,30000000
2022-06-20,META,210.00,215.00,208.00,212.00,22000000
2022-06-20,SPY,400.00,405.00,398.00,402.00,70000000
2022-06-21,AAPL,150.00,155.00,149.00,152.00,50000000
2022-06-21,MSFT,250.00,255.00,248.00,252.00,30000000
2022-06-21,META,210.00,215.00,208.00,212.00,22000000
2022-06-21,SPY,400.00,405.00,398.00,402.00,70000000
2022-06-22,AAPL,150.00,155.00,149.00,152.00,50000000
2022-06-22,MSFT,250.00,255.00,248.00,252.00,30000000
2022-06-22,META,210.00,215.00,208.00,212.00,22000000
2022-06-22,SPY,400.00,405.00,398.00,402.00,70000000
2022-06-23,AAPL,150.00,155.00,149.00,152.00,50000000
2022-06-23,MSFT,250.00,255.00,248.00,252.00,30000000
2022-06-23,META,210.00,215.00,208.00,212.00,22000000
2022-06-23,SPY,400.00,405.00,398.00,402.00,70000000
2022-06-24,AAPL,150.00,155.00,149.00,152.00,50000000
2022-06-24,MSFT,250.00,255.00,248.00,252.00,30000000
2022-06-24,META,210.00,215.00,208.00,212.00,22000000
2022-06-24,SPY,400.00,405.00,398.00,402.00,70000000
2022-06-27,AAPL,150.00,155.00,149.00,152.00,50000000
2022-06-27,MSFT,250.00,255.00,248.00,252.00,30000000
2022-06-27,META,210.00,215.00,208.00,212.00,22000000
2022-06-27,SPY,400.00,405.00,398.00,402.00,70000000
2022-06-28,AAPL,150.00,155.00,149.00,152.00,50000000
2022-06-28,MSFT,250.00,255.00,248.00,252.00,30000000
2022-06-28,META,210.00,215.00,208.00,212.00,22000000
2022-06-28,SPY,400.00,405.00,398.00,402.00,70000000
2022-06-29,AAPL,150.00,155.00,149.00,152.00,50000000
2022-06-29,MSFT,250.00,255.00,248.00,252.00,30000000
2022-06-29,META,210.00,215.00,208.00,212.00,22000000
2022-06-29,SPY,400.00,405.00,398.00,402.00,70000000
2022-06-30,AAPL,150.00,155.00,149.00,152.00,50000000
2022-06-30,MSFT,250.00,255.00,248.00,252.00,30000000
2022-06-30,META,210.00,215.00,208.00,212.00,22000000
2022-06-30,SPY,400.00,405.00,398.00,402.00,70000000
2022-07-01,AAPL,150.00,155.00,149.00,152.00,50000000
2022-07-01,MSFT,250.00,255.00,248.00,252.00,30000000
2022-07-01,META,210.00,215.00,208.00,212.00,22000000
2022-07-01,SPY,400.00,405.00,398.00,402.00,70000000
2022-07-04,AAPL,150.00,155.00,149.00,152.00,50000000
2022-07-04,MSFT,250.00,255.00,248.00,252.00,30000000
2022-07-04,META,210.00,215.00,208.00,212.00,22000000
2022-07-04,SPY,400.00,405.00,398.00,402.00,70000000
2022-07-05,AAPL,150.00,155.00,149.00,152.00,50000000
2022-07-05,MSFT,250.00,255.00,248.00,252.00,30000000
2022-07-05,META,210.00,215.00,208.00,212.00,22000000
2022-07-05,SPY,400.00,405.00,398.00,402.00,70000000
2022-07-06,AAPL,150.00,155.00,149.00,152.00,50000000
2022-07-06,MSFT,250.00,255.00,248.00,252.00,30000000
2022-07-06,META,210.00,215.00,208.00,212.00,22000000
2022-07-06,SPY,400.00,405.00,398.00,402.00,70000000
2022-07-07,AAPL,150.00,155.00,149.00,152.00,50000000
2022-07-07,MSFT,250.00,255.00,248.00,252.00,30000000
2022-07-07,META,210.00,215.00,208.00,212.00,22000000
2022-07-07,SPY,400.00,405.00,398.00,402.00,70000000
2022-07-08,AAPL,150.00,155.00,149.00,152.00,50000000
2022-07-08,MSFT,250.00,255.00,248.00,252.00,30000000
2022-07-08,META,210.00,215.00,208.00,212.00,22000000
2022-07-08,SPY,400.00,405.00,398.00,402.00,70000000
2022-07-11,AAPL,150.00,155.00,149.00,152.00,50000000
2022-07-11,MSFT,250.00,255.00,248.00,252.00,30000000
2022-07-11,META,210.00,215.00,208.00,212.00,22000000
2022-07-11,SPY,400.00,405.00,398.00,402.00,70000000
2022-07-12,AAPL,150.00,155.00,149.00,152.00,50000000
2022-07-12,MSFT,250.00,255.00,248.00,252.00,30000000
2022-07-12,META,210.00,215.00,208.00,212.00,22000000
2022-07-12,SPY,400.00,405.00,398.00,402.00,70000000
2022-07-13,AAPL,150.00,155.00,149.00,152.00,50000000
2022-07-13,MSFT,250.00,255.00,248.00,252.00,30000000
2022-07-13,META,210.00,215.00,208.00,212.00,22000000
2022-07-13,SPY,400.00,405.00,398.00,402.00,70000000
2022-07-14,AAPL,150.00,155.00,149.00,152.00,50000000
2022-07-14,MSFT,250.00,255.00,248.00,252.00,30000000
2022-07-14,META,210.00,215.00,208.00,212.00,22000000
2022-07-14,SPY,400.00,405.00,398.00,402.00,70000000
2022-07-15,AAPL,150.00,155.00,149.00,152.00,50000000
2022-07-15,MSFT,250.00,255.00,248.00,252.00,30000000
2022-07-15,META,210.00,215.00,208.00,212.00,22000000
2022-07-15,SPY,400.00,405.00,398.00,402.00,70000000
2022-07-18,AAPL,150.00,155.00,149.00,152.00,50000000
2022-07-18,MSFT,250.00,255.00,248.00,252.00,30000000
2022-07-18,META,210.00,215.00,208.00,212.00,22000000
2022-07-18,SPY,400.00,405.00,398.00,402.00,70000000
2022-07-19,AAPL,150.00,155.00,149.00,152.00,50000000
2022-07-19,MSFT,250.00,255.00,248.00,252.00,30000000
2022-07-19,META,210.00,215.00,208.00,212.00,22000000
2022-07-19,SPY,400.00,405.00,398.00,402.00,70000000
2022-07-20,AAPL,150.00,155.00,149.00,152.00,50000000
2022-07-20,MSFT,250.00,255.00,248.00,252.00,30000000
2022-07-20,META,210.00,215.00,208.00,212.00,22000000
2022-07-20,SPY,400.00,405.00,398.00,402.00,70000000
2022-07-21,AAPL,150.00,155.00,149.00,152.00,50000000
2022-07-21,MSFT,250.00,255.00,248.00,252.00,30000000
2022-07-21,META,210.00,215.00,208.00,212.00,22000000
2022-07-21,SPY,400.00,405.00,398.00,402.00,70000000
2022-07-22,AAPL,150.00,155.00,149.00,152.00,50000000
2022-07-22,MSFT,250.00,255.00,248.00,252.00,30000000
2022-07-22,META,210.00,215.00,208.00,212.00,22000000
2022-07-22,SPY,400.00,405.00,398.00,402.00,70000000
2022-07-25,AAPL,150.00,155.00,149.00,152.00,50000000
2022-07-25,MSFT,250.00,255.00,248.00,252.00,30000000
2022-07-25,META,210.00,215.00,208.00,212.00,22000000
2022-07-25,SPY,400.00,405.00,398.00,402.00,70000000
2022-07-26,AAPL,150.00,155.00,149.00,152.00,50000000
2022-07-26,MSFT,250.00,255.00,248.00,252.00,30000000
2022-07-26,META,210.00,215.00,208.00,212.00,22000000
2022-07-26,SPY,400.00,405.00,398.00,402.00,70000000
2022-07-27,AAPL,150.00,155.00,149.00,152.00,50000000
2022-07-27,MSFT,250.00,255.00,248.00,252.00,30000000
2022-07-27,META,210.00,215.00,208.00,212.00,22000000
2022-07-27,SPY,400.00,405.00,398.00,402.00,70000000
2022-07-28,AAPL,150.00,155.00,149.00,152.00,50000000
2022-07-28,MSFT,250.00,255.00,248.00,252.00,30000000
2022-07-28,META,210.00,215.00,208.00,212.00,22000000
2022-07-28,SPY,400.00,405.00,398.00,402.00,70000000
2022-07-29,AAPL,150.00,155.00,149.00,152.00,50000000
2022-07-29,MSFT,250.00,255.00,248.00,252.00,30000000
2022-07-29,META,210.00,215.00,208.00,212.00,22000000
2022-07-29,SPY,400.00,405.00,398.00,402.00,70000000
2022-08-01,AAPL,150.00,155.00,149.00,152.00,50000000
2022-08-01,MSFT,250.00,255.00,248.00,252.00,30000000
2022-08-01,META,210.00,215.00,208.00,212.00,22000000
2022-08-01,SPY,400.00,405.00,398.00,402.00,70000000
2022-08-02,AAPL,150.00,155.00,149.00,152.00,50000000
2022-08-02,MSFT,250.00,255.00,248.00,252.00,30000000
2022-08-02,META,210.00,215.00,208.00,212.00,22000000
2022-08-02,SPY,400.00,405.00,398.00,402.00,70000000
2022-08-03,AAPL,150.00,155.00,149.00,152.00,50000000
2022-08-03,MSFT,250.00,255.00,248.00,252.00,30000000
2022-08-03,META,210.00,215.00,208.00,212.00,22000000
2022-08-03,SPY,400.00,405.00,398.00,402.00,70000000
2022-08-04,AAPL,150.00,155.00,149.00,152.00,50000000
2022-08-04,MSFT,250.00,255.00,248.00,252.00,30000000
2022-08-04,META,210.00,215.00,208.00,212.00,22000000
2022-08-04,SPY,400.00,405.00,398.00,402.00,70000000
2022-08-05,AAPL,150.00,155.00,149.00,152.00,50000000
2022-08-05,MSFT,250.00,255.00,248.00,252.00,30000000
2022-08-05,META,210.00,215.00,208.00,212.00,22000000
2022-08-05,SPY,400.00,405.00,398.00,402.00,70000000
2022-08-08,AAPL,150.00,155.00,149.00,152.00,50000000
2022-08-08,MSFT,250.00,255.00,248.00,252.00,30000000
2022-08-08,META,210.00,215.00,208.00,212.00,22000000
2022-08-08,SPY,400.00,405.00,398.00,402.00,70000000
2022-08-09,AAPL,150.00,155.00,149.00,152.00,50000000
2022-08-09,MSFT,250.00,255.00,248.00,252.00,30000000
2022-08-09,META,210.00,215.00,208.00,212.00,22000000
2022-08-09,SPY,400.00,405.00,398.00,402.00,70000000
2022-08-10,AAPL,150.00,155.00,149.00,152.00,50000000
2022-08-10,MSFT,250.00,255.00,248.00,252.00,30000000
2022-08-10,META,210.00,215.00,208.00,212.00,22000000
2022-08-10,SPY,400.00,405.00,398.00,402.00,70000000
2022-08-11,AAPL,150.00,155.00,149.00,152.00,50000000
2022-08-11,MSFT,250.00,255.00,248.00,252.00,30000000
2022-08-11,META,210.00,215.00,208.00,212.00,22000000
2022-08-11,SPY,400.00,405.00,398.00,402.00,70000000
2022-08-12,AAPL,150.00,155.00,149.00,152.00,50000000
2022-08-12,MSFT,250.00,255.00,248.00,252.00,30000000
2022-08-12,META,210.00,215.00,208.00,212.00,22000000
2022-08-12,SPY,400.00,405.00,398.00,402.00,70000000
2022-08-15,AAPL,150.00,155.00,149.00,152.00,50000000
2022-08-15,MSFT,250.00,255.00,248.00,252.00,30000000
2022-08-15,META,210.00,215.00,208.00,212.00,22000000
2022-08-15,SPY,400.00,405.00,398.00,402.00,70000000
2022-08-16,AAPL,150.00,155.00,149.00,152.00,50000000
2022-08-16,MSFT,250.00,255.00,248.00,252.00,30000000
2022-08-16,META,210.00,215.00,208.00,212.00,22000000
2022-08-16,SPY,400.00,405.00,398.00,402.00,70000000
2022-08-17,AAPL,150.00,155.00,149.00,152.00,50000000
2022-08-17,MSFT,250.00,255.00,248.00,252.00,30000000
2022-08-17,META,210.00,215.00,208.00,212.00,22000000
2022-08-17,SPY,400.00,405.00,398.00,402.00,70000000
2022-08-18,AAPL,150.00,155.00,149.00,152.00,50000000
2022-08-18,MSFT,250.00,255.00,248.00,252.00,30000000
2022-08-18,META,210.00,215.00,208.00,212.00,22000000
2022-08-18,SPY,400.00,405.00,398.00,402.00,70000000
2022-08-19,AAPL,150.00,155.00,149.00,152.00,50000000
2022-08-19,MSFT,250.00,255.00,248.00,252.00,30000000
2022-08-19,META,210.00,215.00,208.00,212.00,22000000
2022-08-19,SPY,400.00,405.00,398.00,402.00,70000000
2022-08-22,AAPL,150.00,155.00,149.00,152.00,50000000
2022-08-22,MSFT,250.00,255.00,248.00,252.00,30000000
2022-08-22,META,210.00,215.00,208.00,212.00,22000000
2022-08-22,SPY,400.00,405.00,398.00,402.00,70000000
2022-08-23,AAPL,150.00,155.00,149.00,152.00,50000000
2022-08-23,MSFT,250.00,255.00,248.00,252.00,30000000
2022-08-23,META,210.00,215.00,208.00,212.00,22000000
2022-08-23,SPY,400.00,405.00,398.00,402.00,70000000
2022-08-24,AAPL,150.00,155.00,149.00,152.00,50000000
2022-08-24,MSFT,250.00,255.00,248.00,252.00,30000000
2022-08-24,META,210.00,215.00,208.00,212.00,22000000
2022-08-24,SPY,400.00,405.00,398.00,402.00,70000000
2022-08-25,AAPL,150.00,155.00,149.00,152.00,50000000
2022-08-25,MSFT,250.00,255.00,248.00,252.00,30000000
2022-08-25,META,210.00,215.00,208.00,212.00,22000000
2022-08-25,SPY,400.00,405.00,398.00,402.00,70000000
2022-08-26,AAPL,150.00,155.00,149.00,152.00,50000000
2022-08-26,MSFT,250.00,255.00,248.00,252.00,30000000
2022-08-26,META,210.00,215.00,208.00,212.00,22000000
2022-08-26,SPY,400.00,405.00,398.00,402.00,70000000
2022-08-29,AAPL,150.00,155.00,149.00,152.00,50000000
2022-08-29,MSFT,250.00,255.00,248.00,252.00,30000000
2022-08-29,META,210.00,215.00,208.00,212.00,22000000
2022-08-29,SPY,400.00,405.00,398.00,402.00,70000000
2022-08-30,AAPL,150.00,155.00,149.00,152.00,50000000
2022-08-30,MSFT,250.00,255.00,248.00,252.00,30000000
2022-08-30,META,210.00,215.00,208.00,212.00,22000000
2022-08-30,SPY,400.00,405.00,398.00,402.00,70000000
2022-08-31,AAPL,150.00,155.00,149.00,152.00,50000000
2022-08-31,MSFT,250.00,255.00,248.00,252.00,30000000
2022-08-31,META,210.00,215.00,208.00,212.00,22000000
2022-08-31,SPY,400.00,405.00,398.00,402.00,70000000
2022-09-01,AAPL,150.00,155.00,149.00,152.00,50000000
2022-09-01,MSFT,250.00,255.00,248.00,252.00,30000000
2022-09-01,META,210.00,215.00,208.00,212.00,22000000
2022-09-01,SPY,400.00,405.00,398.00,402.00,70000000
2022-09-02,AAPL,150.00,155.00,149.00,152.00,50000000
2022-09-02,MSFT,250.00,255.00,248.00,252.00,30000000
2022-09-02,META,210.00,215.00,208.00,212.00,22000000
2022-09-02,SPY,400.00,405.00,398.00,402.00,70000000
2022-09-05,AAPL,150.00,155.00,149.00,152.00,50000000
2022-09-05,MSFT,250.00,255.00,248.00,252.00,30000000
2022-09-05,META,210.00,215.00,208.00,212.00,22000000
2022-09-05,SPY,400.00,405.00,398.00,402.00,70000000
2022-09-06,AAPL,150.00,155.00,149.00,152.00,50000000
2022-09-06,MSFT,250.00,255.00,248.00,252.00,30000000
2022-09-06,META,210.00,215.00,208.00,212.00,22000000
2022-09-06,SPY,400.00,405.00,398.00,402.00,70000000
2022-09-07,AAPL,150.00,155.00,149.00,152.00,50000000
2022-09-07,MSFT,250.00,255.00,248.00,252.00,30000000
2022-09-07,META,210.00,215.00,208.00,212.00,22000000
2022-09-07,SPY,400.00,405.00,398.00,402.00,70000000
2022-09-08,AAPL,150.00,155.00,149.00,152.00,50000000
2022-09-08,MSFT,250.00,255.00,248.00,252.00,30000000
2022-09-08,META,210.00,215.00,208.00,212.00,22000000
2022-09-08,SPY,400.00,405.00,398.00,402.00,70000000
2022-09-09,AAPL,150.00,155.00,149.00,152.00,50000000
2022-09-09,MSFT,250.00,255.00,248.00,252.00,30000000
2022-09-09,META,210.00,215.00,208.00,212.00,22000000
2022-09-09,SPY,400.00,405.00,398.00,402.00,70000000
2022-09-12,AAPL,150.00,155.00,149.00,152.00,50000000
2022-09-12,MSFT,250.00,255.00,248.00,252.00,30000000
2022-09-12,META,210.00,215.00,208.00,212.00,22000000
2022-09-12,SPY,400.00,405.00,398.00,402.00,70000000
2022-09-13,AAPL,150.00,155.00,149.00,152.00,50000000
2022-09-13,MSFT,250.00,255.00,248.00,252.00,30000000
2022-09-13,META,210.00,215.00,208.00,212.00,22000000
2022-09-13,SPY,400.00,405.00,398.00,402.00,70000000
2022-09-14,AAPL,150.00,155.00,149.00,152.00,50000000
2022-09-14,MSFT,250.00,255.00,248.00,252.00,30000000
2022-09-14,META,210.00,215.00,208.00,212.00,22000000
2022-09-14,SPY,400.00,405.00,398.00,402.00,70000000
2022-09-15,AAPL,150.00,155.00,149.00,152.00,50000000
2022-09-15,MSFT,250.00,255.00,248.00,252.00,30000000
2022-09-15,META,210.00,215.00,208.00,212.00,22000000
2022-09-15,SPY,400.00,405.00,398.00,402.00,70000000
2022-09-16,AAPL,150.00,155.00,149.00,152.00,50000000
2022-09-16,MSFT,250.00,255.00,248.00,252.00,30000000
2022-09-16,META,210.00,215.00,208.00,212.00,22000000
2022-09-16,SPY,400.00,405.00,398.00,402.00,70000000
2022-09-19,AAPL,150.00,155.00,149.00,152.00,50000000
2022-09-19,MSFT,250.00,255.00,248.00,252.00,30000000
2022-09-19,META,210.00,215.00,208.00,212.00,22000000
2022-09-19,SPY,400.00,405.00,398.00,402.00,70000000
2022-09-20,AAPL,150.00,155.00,149.00,152.00,50000000
2022-09-20,MSFT,250.00,255.00,248.00,252.00,30000000
2022-09-20,META,210.00,215.00,208.00,212.00,22000000
2022-09-20,SPY,400.00,405.00,398.00,402.00,70000000
2022-09-21,AAPL,150.00,155.00,149.00,152.00,50000000
2022-09-21,MSFT,250.00,255.00,248.00,252.00,30000000
2022-09-21,META,210.00,215.00,208.00,212.00,22000000
2022-09-21,SPY,400.00,405.00,398.00,402.00,70000000
2022-09-22,AAPL,150.00,155.00,149.00,152.00,50000000
2022-09-22,MSFT,250.00,255.00,248.00,252.00,30000000
2022-09-22,META,210.00,215.00,208.00,212.00,22000000
2022-09-22,SPY,400.00,405.00,398.00,402.00,70000000
2022-09-23,AAPL,150.00,155.00,149.00,152.00,50000000
2022-09-23,MSFT,250.00,255.00,248.00,252.00,30000000
2022-09-23,META,210.00,215.00,208.00,212.00,22000000
2022-09-23,SPY,400.00,405.00,398.00,402.00,70000000
2022-09-26,AAPL,150.00,155.00,149.00,152.00,50000000
2022-09-26,MSFT,250.00,255.00,248.00,252.00,30000000
2022-09-26,META,210.00,215.00,208.00,212.00,22000000
2022-09-26,SPY,400.00,405.00,398.00,402.00,70000000
2022-09-27,AAPL,150.00,155.00,149.00,152.00,50000000
2022-09-27,MSFT,250.00,255.00,248.00,252.00,30000000
2022-09-27,META,210.00,215.00,208.00,212.00,22000000
2022-09-27,SPY,400.00,405.00,398.00,402.00,70000000
2022-09-28,AAPL,150.00,155.00,149.00,152.00,50000000
2022-09-28,MSFT,250.00,255.00,248.00,252.00,30000000
2022-09-28,META,210.00,215.00,208.00,212.00,22000000
2022-09-28,SPY,400.00,405.00,398.00,402.00,70000000
2022-09-29,AAPL,150.00,155.00,149.00,152.00,50000000
2022-09-29,MSFT,250.00,255.00,248.00,252.00,30000000
2022-09-29,META,210.00,215.00,208.00,212.00,22000000
2022-09-29,SPY,400.00,405.00,398.00,402.00,70000000
2022-09-30,AAPL,150.00,155.00,149.00,152.00,50000000
2022-09-30,MSFT,250.00,255.00,248.00,252.00,30000000
2022-09-30,META,210.00,215.00,208.00,212.00,22000000
2022-09-30,SPY,400.00,405.00,398.00,402.00,70000000
2022-10-03,AAPL,150.00,155.00,149.00,152.00,50000000
2022-10-03,MSFT,250.00,255.00,248.00,252.00,30000000
2022-10-03,META,210.00,215.00,208.00,212.00,22000000
2022-10-03,SPY,400.00,405.00,398.00,402.00,70000000
2022-10-04,AAPL,150.00,155.00,149.00,152.00,50000000
2022-10-04,MSFT,250.00,255.00,248.00,252.00,30000000
2022-10-04,META,210.00,215.00,208.00,212.00,22000000
2022-10-04,SPY,400.00,405.00,398.00,402.00,70000000
2022-10-05,AAPL,150.00,155.00,149.00,152.00,50000000
2022-10-05,MSFT,250.00,255.00,248.00,252.00,30000000
2022-10-05,META,210.00,215.00,208.00,212.00,22000000
2022-10-05,SPY,400.00,405.00,398.00,402.00,70000000
2022-10-06,AAPL,150.00,155.00,149.00,152.00,50000000
2022-10-06,MSFT,250.00,255.00,248.00,252.00,30000000
2022-10-06,META,210.00,215.00,208.00,212.00,22000000
2022-10-06,SPY,400.00,405.00,398.00,402.00,70000000
2022-10-07,AAPL,150.00,155.00,149.00,152.00,50000000
2022-10-07,MSFT,250.00,255.00,248.00,252.00,30000000
2022-10-07,META,210.00,215.00,208.00,212.00,22000000
2022-10-07,SPY,400.00,405.00,398.00,402.00,70000000
2022-10-10,AAPL,150.00,155.00,149.00,152.00,50000000
2022-10-10,MSFT,250.00,255.00,248.00,252.00,30000000
2022-10-10,META,210.00,215.00,208.00,212.00,22000000
2022-10-10,SPY,400.00,405.00,398.00,402.00,70000000
2022-10-11,AAPL,150.00,155.00,149.00,152.00,50000000
2022-10-11,MSFT,250.00,255.00,248.00,252.00,30000000
2022-10-11,META,210.00,215.00,208.00,212.00,22000000
2022-10-11,SPY,400.00,405.00,398.00,402.00,70000000
2022-10-12,AAPL,150.00,155.00,149.00,152.00,50000000
2022-10-12,MSFT,250.00,255.00,248.00,252.00,30000000
2022-10-12,META,210.00,215.00,208.00,212.00,22000000
2022-10-12,SPY,400.00,405.00,398.00,402.00,70000000
2022-10-13,AAPL,150.00,155.00,149.00,152.00,50000000
2022-10-13,MSFT,250.00,255.00,248.00,252.00,30000000
2022-10-13,META,210.00,215.00,208.00,212.00,22000000
2022-10-13,SPY,400.00,405.00,398.00,402.00,70000000
2022-10-14,AAPL,150.00,155.00,149.00,152.00,50000000
2022-10-14,MSFT,250.00,255.00,248.00,252.00,30000000
2022-10-14,META,210.00,215.00,208.00,212.00,22000000
2022-10-14,SPY,400.00,405.00,398.00,402.00,70000000
2022-10-17,AAPL,150.00,155.00,149.00,152.00,50000000
2022-10-17,MSFT,250.00,255.00,248.00,252.00,30000000
2022-10-17,META,210.00,215.00,208.00,212.00,22000000
2022-10-17,SPY,400.00,405.00,398.00,402.00,70000000
2022-10-18,AAPL,150.00,155.00,149.00,152.00,50000000
2022-10-18,MSFT,250.00,255.00,248.00,252.00,30000000
2022-10-18,META,210.00,215.00,208.00,212.00,22000000
2022-10-18,SPY,400.00,405.00,398.00,402.00,70000000
2022-10-19,AAPL,150.00,155.00,149.00,152.00,50000000
2022-10-19,MSFT,250.00,255.00,248.00,252.00,30000000
2022-10-19,META,210.00,215.00,208.00,212.00,22000000
2022-10-19,SPY,400.00,405.00,398.00,402.00,70000000
2022-10-20,AAPL,150.00,155.00,149.00,152.00,50000000
2022-10-20,MSFT,250.00,255.00,248.00,252.00,30000000
2022-10-20,META,210.00,215.00,208.00,212.00,22000000
2022-10-20,SPY,400.00,405.00,398.00,402.00,70000000
2022-10-21,AAPL,150.00,155.00,149.00,152.00,50000000
2022-10-21,MSFT,250.00,255.00,248.00,252.00,30000000
2022-10-21,META,210.00,215.00,208.00,212.00,22000000
2022-10-21,SPY,400.00,405.00,398.00,402.00,70000000
2022-10-24,AAPL,150.00,155.00,149.00,152.00,50000000
2022-10-24,MSFT,250.00,255.00,248.00,252.00,30000000
2022-10-24,META,210.00,215.00,208.00,212.00,22000000
2022-10-24,SPY,400.00,405.00,398.00,402.00,70000000
2022-10-25,AAPL,150.00,155.00,149.00,152.00,50000000
2022-10-25,MSFT,250.00,255.00,248.00,252.00,30000000
2022-10-25,META,210.00,215.00,208.00,212.00,22000000
2022-10-25,SPY,400.00,405.00,398.00,402.00,70000000
2022-10-26,AAPL,150.00,155.00,149.00,152.00,50000000
2022-10-26,MSFT,250.00,255.00,248.00,252.00,30000000
2022-10-26,META,210.00,215.00,208.00,212.00,22000000
2022-10-26,SPY,400.00,405.00,398.00,402.00,70000000
2022-10-27,AAPL,150.00,155.00,149.00,152.00,50000000
2022-10-27,MSFT,250.00,255.00,248.00,252.00,30000000
2022-10-27,META,210.00,215.00,208.00,212.00,22000000
2022-10-27,SPY,400.00,405.00,398.00,402.00,70000000
2022-10-28,AAPL,150.00,155.00,149.00,152.00,50000000
2022-10-28,MSFT,250.00,255.00,248.00,252.00,30000000
2022-10-28,META,210.00,215.00,208.00,212.00,22000000
2022-10-28,SPY,400.00,405.00,398.00,402.00,70000000
2022-10-31,AAPL,150.00,155.00,149.00,152.00,50000000
2022-10-31,MSFT,250.00,255.00,248.00,252.00,30000000
2022-10-31,META,210.00,215.00,208.00,212.00,22000000
2022-10-31,SPY,400.00,405.00,398.00,402.00,70000000
2022-11-01,AAPL,150.00,155.00,149.00,152.00,50000000
2022-11-01,MSFT,250.00,255.00,248.00,252.00,30000000
2022-11-01,META,210.00,215.00,208.00,212.00,22000000
2022-11-01,SPY,400.00,405.00,398.00,402.00,70000000
2022-11-02,AAPL,150.00,155.00,149.00,152.00,50000000
2022-11-02,MSFT,250.00,255.00,248.00,252.00,30000000
2022-11-02,META,210.00,215.00,208.00,212.00,22000000
2022-11-02,SPY,400.00,405.00,398.00,402.00,70000000
2022-11-03,AAPL,150.00,155.00,149.00,152.00,50000000
2022-11-03,MSFT,250.00,255.00,248.00,252.00,30000000
2022-11-03,META,210.00,215.00,208.00,212.00,22000000
2022-11-03,SPY,400.00,405.00,398.00,402.00,70000000
2022-11-04,AAPL,150.00,155.00,149.00,152.00,50000000
2022-11-04,MSFT,250.00,255.00,248.00,252.00,30000000
2022-11-04,META,210.00,215.00,208.00,212.00,22000000
2022-11-04,SPY,400.00,405.00,398.00,402.00,70000000
2022-11-07,AAPL,150.00,155.00,149.00,152.00,50000000
2022-11-07,MSFT,250.00,255.00,248.00,252.00,30000000
2022-11-07,META,210.00,215.00,208.00,212.00,22000000
2022-11-07,SPY,400.00,405.00,398.00,402.00,70000000
2022-11-08,AAPL,150.00,155.00,149.00,152.00,50000000
2022-11-08,MSFT,250.00,255.00,248.00,252.00,30000000
2022-11-08,META,210.00,215.00,208.00,212.00,22000000
2022-11-08,SPY,400.00,405.00,398.00,402.00,70000000
2022-11-09,AAPL,150.00,155.00,149.00,152.00,50000000
2022-11-09,MSFT,250.00,255.00,248.00,252.00,30000000
2022-11-09,META,210.00,215.00,208.00,212.00,22000000
2022-11-09,SPY,400.00,405.00,398.00,402.00,70000000
2022-11-10,AAPL,150.00,155.00,149.00,152.00,50000000
2022-11-10,MSFT,250.00,255.00,248.00,252.00,30000000
2022-11-10,META,210.00,215.00,208.00,212.00,22000000
2022-11-10,SPY,400.00,405.00,398.00,402.00,70000000
2022-11-11,AAPL,150.00,155.00,149.00,152.00,50000000
2022-11-11,MSFT,250.00,255.00,248.00,252.00,30000000
2022-11-11,META,210.00,215.00,208.00,212.00,22000000
2022-11-11,SPY,400.00,405.00,398.00,402.00,70000000
2022-11-14,AAPL,150.00,155.00,149.00,152.00,50000000
2022-11-14,MSFT,250.00,255.00,248.00,252.00,30000000
2022-11-14,META,210.00,215.00,208.00,212.00,22000000
2022-11-14,SPY,400.00,405.00,398.00,402.00,70000000
2022-11-15,AAPL,150.00,155.00,149.00,152.00,50000000
2022-11-15,MSFT,250.00,255.00,248.00,252.00,30000000
2022-11-15,META,210.00,215.00,208.00,212.00,22000000
2022-11-15,SPY,400.00,405.00,398.00,402.00,70000000
2022-11-16,AAPL,150.00,155.00,149.00,152.00,50000000
2022-11-16,MSFT,250.00,255.00,248.00,252.00,30000000
2022-11-16,META,210.00,215.00,208.00,212.00,22000000
2022-11-16,SPY,400.00,405.00,398.00,402.00,70000000
2022-11-17,AAPL,150.00,155.00,149.00,152.00,50000000
2022-11-17,MSFT,250.00,255.00,248.00,252.00,30000000
2022-11-17,META,210.00,215.00,208.00,212.00,22000000
2022-11-17,SPY,400.00,405.00,398.00,402.00,70000000
2022-11-18,AAPL,150.00,155.00,149.00,152.00,50000000
2022-11-18,MSFT,250.00,255.00,248.00,252.00,30000000
2022-11-18,META,210.00,215.00,208.00,212.00,22000000
2022-11-18,SPY,400.00,405.00,398.00,402.00,70000000
2022-11-21,AAPL,150.00,155.00,149.00,152.00,50000000
2022-11-21,MSFT,250.00,255.00,248.00,252.00,30000000
2022-11-21,META,210.00,215.00,208.00,212.00,22000000
2022-11-21,SPY,400.00,405.00,398.00,402.00,70000000
2022-11-22,AAPL,150.00,155.00,149.00,152.00,50000000
2022-11-22,MSFT,250.00,255.00,248.00,252.00,30000000
2022-11-22,META,210.00,215.00,208.00,212.00,22000000
2022-11-22,SPY,400.00,405.00,398.00,402.00,70000000
2022-11-23,AAPL,150.00,155.00,149.00,152.00,50000000
2022-11-23,MSFT,250.00,255.00,248.00,252.00,30000000
2022-11-23,META,210.00,215.00,208.00,212.00,22000000
2022-11-23,SPY,400.00,405.00,398.00,402.00,70000000
2022-11-24,AAPL,150.00,155.00,149.00,152.00,50000000
2022-11-24,MSFT,250.00,255.00,248.00,252.00,30000000
2022-11-24,META,210.00,215.00,208.00,212.00,22000000
2022-11-24,SPY,400.00,405.00,398.00,402.00,70000000
2022-11-25,AAPL,150.00,155.00,149.00,152.00,50000000
2022-11-25,MSFT,250.00,255.00,248.00,252.00,30000000
2022-11-25,META,210.00,215.00,208.00,212.00,22000000
2022-11-25,SPY,400.00,405.00,398.00,402.00,70000000
2022-11-28,AAPL,150.00,155.00,149.00,152.00,50000000
2022-11-28,MSFT,250.00,255.00,248.00,252.00,30000000
2022-11-28,META,210.00,215.00,208.00,212.00,22000000
2022-11-28,SPY,400.00,405.00,398.00,402.00,70000000
2022-11-29,AAPL,150.00,155.00,149.00,152.00,50000000
2022-11-29,MSFT,250.00,255.00,248.00,252.00,30000000
2022-11-29,META,210.00,215.00,208.00,212.00,22000000
2022-11-29,SPY,400.00,405.00,398.00,402.00,70000000
2022-11-30,AAPL,150.00,155.00,149.00,152.00,50000000
2022-11-30,MSFT,250.00,255.00,248.00,252.00,30000000
2022-11-30,META,210.00,215.00,208.00,212.00,22000000
2022-11-30,SPY,400.00,405.00,398.00,402.00,70000000
2022-12-01,AAPL,150.00,155.00,149.00,152.00,50000000
2022-12-01,MSFT,250.00,255.00,248.00,252.00,30000000
2022-12-01,META,210.00,215.00,208.00,212.00,22000000
2022-12-01,SPY,400.00,405.00,398.00,402.00,70000000
2022-12-02,AAPL,150.00,155.00,149.00,152.00,50000000
2022-12-02,MSFT,250.00,255.00,248.00,252.00,30000000
2022-12-02,META,210.00,215.00,208.00,212.00,22000000
2022-12-02,SPY,400.00,405.00,398.00,402.00,70000000
2022-12-05,AAPL,150.00,155.00,149.00,152.00,50000000
2022-12-05,MSFT,250.00,255.00,248.00,252.00,30000000
2022-12-05,META,210.00,215.00,208.00,212.00,22000000
2022-12-05,SPY,400.00,405.00,398.00,402.00,70000000
2022-12-06,AAPL,150.00,155.00,149.00,152.00,50000000
2022-12-06,MSFT,250.00,255.00,248.00,252.00,30000000
2022-12-06,META,210.00,215.00,208.00,212.00,22000000
2022-12-06,SPY,400.00,405.00,398.00,402.00,70000000
2022-12-07,AAPL,150.00,155.00,149.00,152.00,50000000
2022-12-07,MSFT,250.00,255.00,248.00,252.00,30000000
2022-12-07,META,210.00,215.00,208.00,212.00,22000000
2022-12-07,SPY,400.00,405.00,398.00,402.00,70000000
2022-12-08,AAPL,150.00,155.00,149.00,152.00,50000000
2022-12-08,MSFT,250.00,255.00,248.00,252.00,30000000
2022-12-08,META,210.00,215.00,208.00,212.00,22000000
2022-12-08,SPY,400.00,405.00,398.00,402.00,70000000
2022-12-09,AAPL,150.00,155.00,149.00,152.00,50000000
2022-12-09,MSFT,250.00,255.00,248.00,252.00,30000000
2022-12-09,META,210.00,215.00,208.00,212.00,22000000
2022-12-09,SPY,400.00,405.00,398.00,402.00,70000000
2022-12-12,AAPL,150.00,155.00,149.00,152.00,50000000
2022-12-12,MSFT,250.00,255.00,248.00,252.00,30000000
2022-12-12,META,210.00,215.00,208.00,212.00,22000000
2022-12-12,SPY,400.00,405.00,398.00,402.00,70000000
2022-12-13,AAPL,150.00,155.00,149.00,152.00,50000000
2022-12-13,MSFT,250.00,255.00,248.00,252.00,30000000
2022-12-13,META,210.00,215.00,208.00,212.00,22000000
2022-12-13,SPY,400.00,405.00,398.00,402.00,70000000
2022-12-14,AAPL,150.00,155.00,149.00,152.00,50000000
2022-12-14,MSFT,250.00,255.00,248.00,252.00,30000000
2022-12-14,META,210.00,215.00,208.00,212.00,22000000
2022-12-14,SPY,400.00,405.00,398.00,402.00,70000000
2022-12-15,AAPL,150.00,155.00,149.00,152.00,50000000
2022-12-15,MSFT,250.00,255.00,248.00,252.00,30000000
2022-12-15,META,210.00,215.00,208.00,212.00,22000000
2022-12-15,SPY,400.00,405.00,398.00,402.00,70000000
2022-12-16,AAPL,150.00,155.00,149.00,152.00,50000000
2022-12-16,MSFT,250.00,255.00,248.00,252.00,30000000
2022-12-16,META,210.00,215.00,208.00,212.00,22000000
2022-12-16,SPY,400.00,405.00,398.00,402.00,70000000
2022-12-19,AAPL,150.00,155.00,149.00,152.00,50000000
2022-12-19,MSFT,250.00,255.00,248.00,252.00,30000000
2022-12-19,META,210.00,215.00,208.00,212.00,22000000
2022-12-19,SPY,400.00,405.00,398.00,402.00,70000000
2022-12-20,AAPL,150.00,155.00,149.00,152.00,50000000
2022-12-20,MSFT,250.00,255.00,248.00,252.00,30000000
2022-12-20,META,210.00,215.00,208.00,212.00,22000000
2022-12-20,SPY,400.00,405.00,398.00,402.00,70000000
2022-12-21,AAPL,150.00,155.00,149.00,152.00,50000000
2022-12-21,MSFT,250.00,255.00,248.00,252.00,30000000
2022-12-21,META,210.00,215.00,208.00,212.00,22000000
2022-12-21,SPY,400.00,405.00,398.00,402.00,70000000
2022-12-22,AAPL,150.00,155.00,149.00,152.00,50000000
2022-12-22,MSFT,250.00,255.00,248.00,252.00,30000000
2022-12-22,META,210.00,215.00,208.00,212.00,22000000
2022-12-22,SPY,400.00,405.00,398.00,402.00,70000000
2022-12-23,AAPL,150.00,155.00,149.00,152.00,50000000
2022-12-23,MSFT,250.00,255.00,248.00,252.00,30000000
2022-12-23,META,210.00,215.00,208.00,212.00,22000000
2022-12-23,SPY,400.00,405.00,398.00,402.00,70000000
2022-12-26,AAPL,150.00,155.00,149.00,152.00,50000000
2022-12-26,MSFT,250.00,255.00,248.00,252.00,30000000
2022-12-26,META,210.00,215.00,208.00,212.00,22000000
2022-12-26,SPY,400.00,405.00,398.00,402.00,70000000
2022-12-27,AAPL,150.00,155.00,149.00,152.00,50000000
2022-12-27,MSFT,250.00,255.00,248.00,252.00,30000000
2022-12-27,META,210.00,215.00,208.00,212.00,22000000
2022-12-27,SPY,400.00,405.00,398.00,402.00,70000000
2022-12-28,AAPL,150.00,155.00,149.00,152.00,50000000
2022-12-28,MSFT,250.00,255.00,248.00,252.00,30000000
2022-12-28,META,210.00,215.00,208.00,212.00,22000000
2022-12-28,SPY,400.00,405.00,398.00,402.00,70000000
2022-12-29,AAPL,150.00,155.00,149.00,152.00,50000000
2022-12-29,MSFT,250.00,255.00,248.00,252.00,30000000
2022-12-29,META,210.00,215.00,208.00,212.00,22000000
2022-12-29,SPY,400.00,405.00,398.00,402.00,70000000
2022-12-30,AAPL,150.00,155.00,149.00,152.00,50000000
2022-12-30,MSFT,250.00,255.00,248.00,252.00,30000000
2022-12-30,META,210.00,215.00,208.00,212.00,22000000
2022-12-30,SPY,400.00,405.00,398.00,402.00,70000000
2023-01-02,AAPL,150.00,155.00,149.00,152.00,50000000
2023-01-02,MSFT,250.00,255.00,248.00,252.00,30000000
2023-01-02,META,210.00,215.00,208.00,212.00,22000000
2023-01-02,SPY,400.00,405.00,398.00,402.00,70000000
2023-01-03,AAPL,150.00,155.00,149.00,152.00,50000000
2023-01-03,MSFT,250.00,255.00,248.00,252.00,30000000
2023-01-03,META,210.00,215.00,208.00,212.00,22000000
2023-01-03,SPY,400.00,405.00,398.00,402.00,70000000
2023-01-04,AAPL,150.00,155.00,149.00,152.00,50000000
2023-01-04,MSFT,250.00,255.00,248.00,252.00,30000000
2023-01-04,META,210.00,215.00,208.00,212.00,22000000
2023-01-04,SPY,400.00,405.00,398.00,402.00,70000000
2023-01-05,AAPL,150.00,155.00,149.00,152.00,50000000
2023-01-05,MSFT,250.00,255.00,248.00,252.00,30000000
2023-01-05,META,210.00,215.00,208.00,212.00,22000000
2023-01-05,SPY,400.00,405.00,398.00,402.00,70000000
2023-01-06,AAPL,150.00,155.00,149.00,152.00,50000000
2023-01-06,MSFT,250.00,255.00,248.00,252.00,30000000
2023-01-06,META,210.00,215.00,208.00,212.00,22000000
2023-01-06,SPY,400.00,405.00,398.00,402.00,70000000
2023-01-09,AAPL,150.00,155.00,149.00,152.00,50000000
2023-01-09,MSFT,250.00,255.00,248.00,252.00,30000000
2023-01-09,META,210.00,215.00,208.00,212.00,22000000
2023-01-09,SPY,400.00,405.00,398.00,402.00,70000000
2023-01-10,AAPL,150.00,155.00,149.00,152.00,50000000
2023-01-10,MSFT,250.00,255.00,248.00,252.00,30000000
2023-01-10,META,210.00,215.00,208.00,212.00,22000000
2023-01-10,SPY,400.00,405.00,398.00,402.00,70000000
2023-01-11,AAPL,150.00,155.00,149.00,152.00,50000000
2023-01-11,MSFT,250.00,255.00,248.00,252.00,30000000
2023-01-11,META,210.00,215.00,208.00,212.00,22000000
2023-01-11,SPY,400.00,405.00,398.00,402.00,70000000
2023-01-12,AAPL,150.00,155.00,149.00,152.00,50000000
2023-01-12,MSFT,250.00,255.00,248.00,252.00,30000000
2023-01-12,META,210.00,215.00,208.00,212.00,22000000
2023-01-12,SPY,400.00,405.00,398.00,402.00,70000000
2023-01-13,AAPL,150.00,155.00,149.00,152.00,50000000
2023-01-13,MSFT,250.00,255.00,248.00,252.00,30000000
2023-01-13,META,210.00,215.00,208.00,212.00,22000000
2023-01-13,SPY,400.00,405.00,398.00,402.00,70000000
2023-01-16,AAPL,150.00,155.00,149.00,152.00,50000000
2023-01-16,MSFT,250.00,255.00,248.00,252.00,30000000
2023-01-16,META,210.00,215.00,208.00,212.00,22000000
2023-01-16,SPY,400.00,405.00,398.00,402.00,70000000
2023-01-17,AAPL,150.00,155.00,149.00,152.00,50000000
2023-01-17,MSFT,250.00,255.00,248.00,252.00,30000000
2023-01-17,META,210.00,215.00,208.00,212.00,22000000
2023-01-17,SPY,400.00,405.00,398.00,402.00,70000000
2023-01-18,AAPL,150.00,155.00,149.00,152.00,50000000
2023-01-18,MSFT,250.00,255.00,248.00,252.00,30000000
2023-01-18,META,210.00,215.00,208.00,212.00,22000000
2023-01-18,SPY,400.00,405.00,398.00,402.00,70000000
2023-01-19,AAPL,150.00,155.00,149.00,152.00,50000000
2023-01-19,MSFT,250.00,255.00,248.00,252.00,30000000
2023-01-19,META,210.00,215.00,208.00,212.00,22000000
2023-01-19,SPY,400.00,405.00,398.00,402.00,70000000
2023-01-20,AAPL,150.00,155.00,149.00,152.00,50000000
2023-01-20,MSFT,250.00,255.00,248.00,252.00,30000000
2023-01-20,META,210.00,215.00,208.00,212.00,22000000
2023-01-20,SPY,400.00,405.00,398.00,402.00,70000000
2023-01-23,AAPL,150.00,155.00,149.00,152.00,50000000
2023-01-23,MSFT,250.00,255.00,248.00,252.00,30000000
2023-01-23,META,210.00,215.00,208.00,212.00,22000000
2023-01-23,SPY,400.00,405.00,398.00,402.00,70000000
2023-01-24,AAPL,150.00,155.00,149.00,152.00,50000000
2023-01-24,MSFT,250.00,255.00,248.00,252.00,30000000
2023-01-24,META,210.00,215.00,208.00,212.00,22000000
2023-01-24,SPY,400.00,405.00,398.00,402.00,70000000
2023-01-25,AAPL,150.00,155.00,149.00,152.00,50000000
2023-01-25,MSFT,250.00,255.00,248.00,252.00,30000000
2023-01-25,META,210.00,215.00,208.00,212.00,22000000
2023-01-25,SPY,400.00,405.00,398.00,402.00,70000000
2023-01-26,AAPL,150.00,155.00,149.00,152.00,50000000
2023-01-26,MSFT,250.00,255.00,248.00,252.00,30000000
2023-01-26,META,210.00,215.00,208.00,212.00,22000000
2023-01-26,SPY,400.00,405.00,398.00,402.00,70000000
2023-01-27,AAPL,150.00,155.00,149.00,152.00,50000000
2023-01-27,MSFT,250.00,255.00,248.00,252.00,30000000
2023-01-27,META,210.00,215.00,208.00,212.00,22000000
2023-01-27,SPY,400.00,405.00,398.00,402.00,70000000
2023-01-30,AAPL,150.00,155.00,149.00,152.00,50000000
2023-01-30,MSFT,250.00,255.00,248.00,252.00,30000000
2023-01-30,META,210.00,215.00,208.00,212.00,22000000
2023-01-30,SPY,400.00,405.00,398.00,402.00,70000000
2023-01-31,AAPL,150.00,155.00,149.00,152.00,50000000
2023-01-31,MSFT,250.00,255.00,248.00,252.00,30000000
2023-01-31,META,210.00,215.00,208.00,212.00,22000000
2023-01-31,SPY,400.00,405.00,398.00,402.00,70000000
2023-02-01,AAPL,150.00,155.00,149.00,152.00,50000000
2023-02-01,MSFT,250.00,255.00,248.00,252.00,30000000
2023-02-01,META,210.00,215.00,208.00,212.00,22000000
2023-02-01,SPY,400.00,405.00,398.00,402.00,70000000
2023-02-02,AAPL,150.00,155.00,149.00,152.00,50000000
2023-02-02,MSFT,250.00,255.00,248.00,252.00,30000000
2023-02-02,META,210.00,215.00,208.00,212.00,22000000
2023-02-02,SPY,400.00,405.00,398.00,402.00,70000000
2023-02-03,AAPL,150.00,155.00,149.00,152.00,50000000
2023-02-03,MSFT,250.00,255.00,248.00,252.00,30000000
2023-02-03,META,210.00,215.00,208.00,212.00,22000000
2023-02-03,SPY,400.00,405.00,398.00,402.00,70000000
2023-02-06,AAPL,150.00,155.00,149.00,152.00,50000000
2023-02-06,MSFT,250.00,255.00,248.00,252.00,30000000
2023-02-06,META,210.00,215.00,208.00,212.00,22000000
2023-02-06,SPY,400.00,405.00,398.00,402.00,70000000
2023-02-07,AAPL,150.00,155.00,149.00,152.00,50000000
2023-02-07,MSFT,250.00,255.00,248.00,252.00,30000000
2023-02-07,META,210.00,215.00,208.00,212.00,22000000
2023-02-07,SPY,400.00,405.00,398.00,402.00,70000000
2023-02-08,AAPL,150.00,155.00,149.00,152.00,50000000
2023-02-08,MSFT,250.00,255.00,248.00,252.00,30000000
2023-02-08,META,210.00,215.00,208.00,212.00,22000000
2023-02-08,SPY,400.00,405.00,398.00,402.00,70000000
2023-02-09,AAPL,150.00,155.00,149.00,152.00,50000000
2023-02-09,MSFT,250.00,255.00,248.00,252.00,30000000
2023-02-09,META,210.00,215.00,208.00,212.00,22000000
2023-02-09,SPY,400.00,405.00,398.00,402.00,70000000
2023-02-10,AAPL,150.00,155.00,149.00,152.00,50000000
2023-02-10,MSFT,250.00,255.00,248.00,252.00,30000000
2023-02-10,META,210.00,215.00,208.00,212.00,22000000
2023-02-10,SPY,400.00,405.00,398.00,402.00,70000000
2023-02-13,AAPL,150.00,155.00,149.00,152.00,50000000
2023-02-13,MSFT,250.00,255.00,248.00,252.00,30000000
2023-02-13,META,210.00,215.00,208.00,212.00,22000000
2023-02-13,SPY,400.00,405.00,398.00,402.00,70000000
2023-02-14,AAPL,150.00,155.00,149.00,152.00,50000000
2023-02-14,MSFT,250.00,255.00,248.00,252.00,30000000
2023-02-14,META,210.00,215.00,208.00,212.00,22000000
2023-02-14,SPY,400.00,405.00,398.00,402.00,70000000
2023-02-15,AAPL,150.00,155.00,149.00,152.00,50000000
2023-02-15,MSFT,250.00,255.00,248.00,252.00,30000000
2023-02-15,META,210.00,215.00,208.00,212.00,22000000
2023-02-15,SPY,400.00,405.00,398.00,402.00,70000000
2023-02-16,AAPL,150.00,155.00,149.00,152.00,50000000
2023-02-16,MSFT,250.00,255.00,248.00,252.00,30000000
2023-02-16,META,210.00,215.00,208.00,212.00,22000000
2023-02-16,SPY,400.00,405.00,398.00,402.00,70000000
2023-02-17,AAPL,150.00,155.00,149.00,152.00,50000000
2023-02-17,MSFT,250.00,255.00,248.00,252.00,30000000
2023-02-17,META,210.00,215.00,208.00,212.00,22000000
2023-02-17,SPY,400.00,405.00,398.00,402.00,70000000
2023-02-20,AAPL,150.00,155.00,149.00,152.00,50000000
2023-02-20,MSFT,250.00,255.00,248.00,252.00,30000000
2023-02-20,META,210.00,215.00,208.00,212.00,22000000
2023-02-20,SPY,400.00,405.00,398.00,402.00,70000000
2023-02-21,AAPL,150.00,155.00,149.00,152.00,50000000
2023-02-21,MSFT,250.00,255.00,248.00,252.00,30000000
2023-02-21,META,210.00,215.00,208.00,212.00,22000000
2023-02-21,SPY,400.00,405.00,398.00,402.00,70000000
2023-02-22,AAPL,150.00,155.00,149.00,152.00,50000000
2023-02-22,MSFT,250.00,255.00,248.00,252.00,30000000
2023-02-22,META,210.00,215.00,208.00,212.00,22000000
2023-02-22,SPY,400.00,405.00,398.00,402.00,70000000
2023-02-23,AAPL,150.00,155.00,149.00,152.00,50000000
2023-02-23,MSFT,250.00,255.00,248.00,252.00,30000000
2023-02-23,META,210.00,215.00,208.00,212.00,22000000
2023-02-23,SPY,400.00,405.00,398.00,402.00,70000000
2023-02-24,AAPL,150.00,155.00,149.00,152.00,50000000
2023-02-24,MSFT,250.00,255.00,248.00,252.00,30000000
2023-02-24,META,210.00,215.00,208.00,212.00,22000000
2023-02-24,SPY,400.00,405.00,398.00,402.00,70000000
2023-02-27,AAPL,150.00,155.00,149.00,152.00,50000000
2023-02-27,MSFT,250.00,255.00,248.00,252.00,30000000
2023-02-27,META,210.00,215.00,208.00,212.00,22000000
2023-02-27,SPY,400.00,405.00,398.00,402.00,70000000
2023-02-28,AAPL,150.00,155.00,149.00,152.00,50000000
2023-02-28,MSFT,250.00,255.00,248.00,252.00,30000000
2023-02-28,META,210.00,215.00,208.00,212.00,22000000
2023-02-28,SPY,400.00,405.00,398.00,402.00,70000000
2023-03-01,AAPL,150.00,155.00,149.00,152.00,50000000
2023-03-01,MSFT,250.00,255.00,248.00,252.00,30000000
2023-03-01,META,210.00,215.00,208.00,212.00,22000000
2023-03-01,SPY,400.00,405.00,398.00,402.00,70000000
2023-03-02,AAPL,150.00,155.00,149.00,152.00,50000000
2023-03-02,MSFT,250.00,255.00,248.00,252.00,30000000
2023-03-02,META,210.00,215.00,208.00,212.00,22000000
2023-03-02,SPY,400.00,405.00,398.00,402.00,70000000
2023-03-03,AAPL,150.00,155.00,149.00,152.00,50000000
2023-03-03,MSFT,250.00,255.00,248.00,252.00,30000000
2023-03-03,META,210.00,215.00,208.00,212.00,22000000
2023-03-03,SPY,400.00,405.00,398.00,402.00,70000000
2023-03-06,AAPL,150.00,155.00,149.00,152.00,50000000
2023-03-06,MSFT,250.00,255.00,248.00,252.00,30000000
2023-03-06,META,210.00,215.00,208.00,212.00,22000000
2023-03-06,SPY,400.00,405.00,398.00,402.00,70000000
2023-03-07,AAPL,150.00,155.00,149.00,152.00,50000000
2023-03-07,MSFT,250.00,255.00,248.00,252.00,30000000
2023-03-07,META,210.00,215.00,208.00,212.00,22000000
2023-03-07,SPY,400.00,405.00,398.00,402.00,70000000
2023-03-08,AAPL,150.00,155.00,149.00,152.00,50000000
2023-03-08,MSFT,250.00,255.00,248.00,252.00,30000000
2023-03-08,META,210.00,215.00,208.00,212.00,22000000
2023-03-08,SPY,400.00,405.00,398.00,402.00,70000000
2023-03-09,AAPL,150.00,155.00,149.00,152.00,50000000
2023-03-09,MSFT,250.00,255.00,248.00,252.00,30000000
2023-03-09,META,210.00,215.00,208.00,212.00,22000000
2023-03-09,SPY,400.00,405.00,398.00,402.00,70000000
2023-03-10,AAPL,150.00,155.00,149.00,152.00,50000000
2023-03-10,MSFT,250.00,255.00,248.00,252.00,30000000
2023-03-10,META,210.00,215.00,208.00,212.00,22000000
2023-03-10,SPY,400.00,405.00,398.00,402.00,70000000
2023-03-13,AAPL,150.00,155.00,149.00,152.00,50000000
2023-03-13,MSFT,250.00,255.00,248.00,252.00,30000000
2023-03-13,META,210.00,215.00,208.00,212.00,22000000
2023-03-13,SPY,400.00,405.00,398.00,402.00,70000000
2023-03-14,AAPL,150.00,155.00,149.00,152.00,50000000
2023-03-14,MSFT,250.00,255.00,248.00,252.00,30000000
2023-03-14,META,210.00,215.00,208.00,212.00,22000000
2023-03-14,SPY,400.00,405.00,398.00,402.00,70000000
2023-03-15,AAPL,150.00,155.00,149.00,152.00,50000000
2023-03-15,MSFT,250.00,255.00,248.00,252.00,30000000
2023-03-15,META,210.00,215.00,208.00,212.00,22000000
2023-03-15,SPY,400.00,405.00,398.00,402.00,70000000
2023-03-16,AAPL,150.00,155.00,149.00,152.00,50000000
2023-03-16,MSFT,250.00,255.00,248.00,252.00,30000000
2023-03-16,META,210.00,215.00,208.00,212.00,22000000
2023-03-16,SPY,400.00,405.00,398.00,402.00,70000000
2023-03-17,AAPL,150.00,155.00,149.00,152.00,50000000
2023-03-17,MSFT,250.00,255.00,248.00,252.00,30000000
2023-03-17,META,210.00,215.00,208.00,212.00,22000000
2023-03-17,SPY,400.00,405.00,398.00,402.00,70000000
2023-03-20,AAPL,150.00,155.00,149.00,152.00,50000000
2023-03-20,MSFT,250.00,255.00,248.00,252.00,30000000
2023-03-20,META,210.00,215.00,208.00,212.00,22000000
2023-03-20,SPY,400.00,405.00,398.00,402.00,70000000
2023-03-21,AAPL,150.00,155.00,149.00,152.00,50000000
2023-03-21,MSFT,250.00,255.00,248.00,252.00,30000000
2023-03-21,META,210.00,215.00,208.00,212.00,22000000
2023-03-21,SPY,400.00,405.00,398.00,402.00,70000000
2023-03-22,AAPL,150.00,155.00,149.00,152.00,50000000
2023-03-22,MSFT,250.00,255.00,248.00,252.00,30000000
2023-03-22,META,210.00,215.00,208.00,212.00,22000000
2023-03-22,SPY,400.00,405.00,398.00,402.00,70000000
2023-03-23,AAPL,150.00,155.00,149.00,152.00,50000000
2023-03-23,MSFT,250.00,255.00,248.00,252.00,30000000
2023-03-23,META,210.00,215.00,208.00,212.00,22000000
2023-03-23,SPY,400.00,405.00,398.00,402.00,70000000
2023-03-24,AAPL,150.00,155.00,149.00,152.00,50000000
2023-03-24,MSFT,250.00,255.00,248.00,252.00,30000000
2023-03-24,META,210.00,215.00,208.00,212.00,22000000
2023-03-24,SPY,400.00,405.00,398.00,402.00,70000000
2023-03-27,AAPL,150.00,155.00,149.00,152.00,50000000
2023-03-27,MSFT,250.00,255.00,248.00,252.00,30000000
2023-03-27,META,210.00,215.00,208.00,212.00,22000000
2023-03-27,SPY,400.00,405.00,398.00,402.00,70000000
2023-03-28,AAPL,150.00,155.00,149.00,152.00,50000000
2023-03-28,MSFT,250.00,255.00,248.00,252.00,30000000
2023-03-28,META,210.00,215.00,208.00,212.00,22000000
2023-03-28,SPY,400.00,405.00,398.00,402.00,70000000
2023-03-29,AAPL,150.00,155.00,149.00,152.00,50000000
2023-03-29,MSFT,250.00,255.00,248.00,252.00,30000000
2023-03-29,META,210.00,215.00,208.00,212.00,22000000
2023-03-29,SPY,400.00,405.00,398.00,402.00,70000000
2023-03-30,AAPL,150.00,155.00,149.00,152.00,50000000
2023-03-30,MSFT,250.00,255.00,248.00,252.00,30000000
2023-03-30,META,210.00,215.00,208.00,212.00,22000000
2023-03-30,SPY,400.00,405.00,398.00,402.00,70000000
2023-03-31,AAPL,150.00,155.00,149.00,152.00,50000000
2023-03-31,MSFT,250.00,255.00,248.00,252.00,30000000
2023-03-31,META,210.00,215.00,208.00,212.00,22000000
2023-03-31,SPY,400.00,405.00,398.00,402.00,70000000
